name,classification,total_count,male_count,female_count,male_share,female_share,rank,prop100k,source
Michael,male,3476721,3469434,7287,0.997904,0.002096,1,1151.1119156775735,census_2020_first_names_by_sex
John,male,3125123,3118620,6503,0.997919,0.002081,2,1034.7008929557608,census_2020_first_names_by_sex
James,male,2996421,2992500,3921,0.998691,0.001309,3,992.08878638421379,census_2020_first_names_by_sex
David,male,2813017,2810463,2554,0.999092,0.000908,4,931.36532603668252,census_2020_first_names_by_sex
Robert,male,2759339,2756604,2735,0.999009,0.000991,5,913.59300970478785,census_2020_first_names_by_sex
William,male,2240114,2237906,2208,0.999014,0.000986,6,741.68215334970841,census_2020_first_names_by_sex
Mary,female,1768343,2840,1765503,0.001606,0.998394,7,585.4829013616644,census_2020_first_names_by_sex
Maria,female,1652966,3889,1649077,0.002353,0.997647,8,547.28258574958875,census_2020_first_names_by_sex
Daniel,male,1607193,1601625,5568,0.996536,0.003464,9,532.12754578051738,census_2020_first_names_by_sex
Joseph,male,1600667,1598759,1908,0.998808,0.001192,10,529.96684425695207,census_2020_first_names_by_sex
Richard,male,1575998,1574600,1398,0.999113,0.000887,11,521.79915411217189,census_2020_first_names_by_sex
Thomas,male,1506606,1505122,1484,0.999015,0.000985,12,498.82406981501424,census_2020_first_names_by_sex
Christopher,male,1499872,1497658,2214,0.998524,0.001476,13,496.59450131061811,census_2020_first_names_by_sex
Jennifer,female,1331077,977,1330100,0.000734,0.999266,14,440.70795309268635,census_2020_first_names_by_sex
Matthew,male,1315151,1313918,1233,0.999062,0.000938,15,435.43499378157645,census_2020_first_names_by_sex
Jose,male,1211106,1208093,3013,0.997512,0.002488,16,400.9866042597618,census_2020_first_names_by_sex
Charles,male,1207972,1206062,1910,0.998419,0.001581,17,399.94896426974429,census_2020_first_names_by_sex
Elizabeth,female,1206652,1112,1205540,0.000922,0.999078,18,399.51192381447208,census_2020_first_names_by_sex
Patricia,female,1189825,955,1188870,0.000803,0.999197,19,393.94065128351366,census_2020_first_names_by_sex
Linda,female,1164876,852,1164024,0.000731,0.999269,20,385.68025558761519,census_2020_first_names_by_sex
Mark,male,1135541,1134407,1134,0.999001,0.000999,21,375.96769365169865,census_2020_first_names_by_sex
Andrew,male,1075513,1073982,1531,0.998576,0.001424,22,356.09294785694169,census_2020_first_names_by_sex
Anthony,male,1075181,1073504,1677,0.998440,0.001560,23,355.98302556061566,census_2020_first_names_by_sex
Kevin,male,1015227,1013440,1787,0.998240,0.001760,24,336.13278051865422,census_2020_first_names_by_sex
Brian,male,1011020,1009891,1129,0.998883,0.001117,25,334.73987961310104,census_2020_first_names_by_sex
Susan,female,979771,564,979207,0.000576,0.999424,26,324.39360901703986,census_2020_first_names_by_sex
Steven,male,972808,971970,838,0.999139,0.000861,27,322.08822061547903,census_2020_first_names_by_sex
Jessica,female,957447,950,956497,0.000992,0.999008,28,317.00232786287586,census_2020_first_names_by_sex
Barbara,female,943006,718,942288,0.000761,0.999239,29,312.22103906394727,census_2020_first_names_by_sex
Joshua,male,939718,938250,1468,0.998438,0.001562,30,311.13241102081474,census_2020_first_names_by_sex
Paul,male,907225,906116,1109,0.998778,0.001222,31,300.37426290478487,census_2020_first_names_by_sex
Jason,male,898652,897619,1033,0.998851,0.001149,32,297.53581758429357,census_2020_first_names_by_sex
Karen,female,882576,1820,880756,0.002062,0.997938,33,292.21319458508464,census_2020_first_names_by_sex
Ryan,male,874269,853642,20627,0.976407,0.023593,34,289.46281953815577,census_2020_first_names_by_sex
Sarah,female,874128,929,873199,0.001063,0.998937,35,289.4161356713426,census_2020_first_names_by_sex
Lisa,female,864260,627,863633,0.000725,0.999275,36,286.14892717692896,census_2020_first_names_by_sex
Jacob,male,805730,804558,1172,0.998545,0.001455,37,266.77015608065511,census_2020_first_names_by_sex
Timothy,male,802946,802219,727,0.999095,0.000905,38,265.84839802953559,census_2020_first_names_by_sex
Sandra,female,780828,705,780123,0.000903,0.999097,39,258.52532167369435,census_2020_first_names_by_sex
Nancy,female,772570,644,771926,0.000834,0.999166,40,255.79117009821121,census_2020_first_names_by_sex
Eric,male,767096,765929,1167,0.998479,0.001521,41,253.97877657384757,census_2020_first_names_by_sex
Michelle,female,757098,1278,755820,0.001688,0.998312,42,250.6685262164147,census_2020_first_names_by_sex
Kenneth,male,755679,754856,823,0.998911,0.001089,43,250.1987077269971,census_2020_first_names_by_sex
Emily,female,755529,930,754599,0.001231,0.998769,44,250.14904403889798,census_2020_first_names_by_sex
Ashley,female,752330,11218,741112,0.014911,0.985089,45,249.0898831173709,census_2020_first_names_by_sex
Jeffrey,male,735428,734826,602,0.999181,0.000819,46,243.49377874236282,census_2020_first_names_by_sex
Jonathan,male,717208,716232,976,0.998639,0.001361,47,237.46129609459061,census_2020_first_names_by_sex
Donald,male,715624,714856,768,0.998927,0.001073,48,236.93684754826396,census_2020_first_names_by_sex
Nicholas,male,711305,710370,935,0.998686,0.001314,49,235.5068644222635,census_2020_first_names_by_sex
Amanda,female,698989,618,698371,0.000884,0.999116,50,231.42914453807236,census_2020_first_names_by_sex
Kimberly,female,696165,1482,694683,0.002129,0.997871,51,230.49414283679306,census_2020_first_names_by_sex
Ronald,male,689843,689245,598,0.999133,0.000867,52,228.40098392904241,census_2020_first_names_by_sex
Laura,female,679856,596,679260,0.000877,0.999123,53,225.09437557540349,census_2020_first_names_by_sex
Melissa,female,675224,599,674625,0.000887,0.999113,54,223.56076088690287,census_2020_first_names_by_sex
Justin,male,668566,666981,1585,0.997629,0.002371,55,221.35635531781028,census_2020_first_names_by_sex
Stephen,male,665596,664892,704,0.998942,0.001058,56,220.37301429344782,census_2020_first_names_by_sex
Stephanie,female,657760,609,657151,0.000926,0.999074,57,217.77858322715016,census_2020_first_names_by_sex
Gary,male,656593,655765,828,0.998739,0.001261,58,217.39219973373906,census_2020_first_names_by_sex
Scott,male,655952,655267,685,0.998956,0.001044,59,217.17997023992882,census_2020_first_names_by_sex
Juan,male,655696,651479,4217,0.993569,0.006431,60,217.09521087890636,census_2020_first_names_by_sex
Rebecca,female,645350,448,644902,0.000694,0.999306,61,213.66974076508353,census_2020_first_names_by_sex
Brandon,male,642620,640794,1826,0.997159,0.002841,62,212.76586164167972,census_2020_first_names_by_sex
Donna,female,635065,563,634502,0.000887,0.999113,63,210.26446721775434,census_2020_first_names_by_sex
George,male,631924,630400,1524,0.997588,0.002412,64,209.22450958895897,census_2020_first_names_by_sex
Amy,female,625127,505,624622,0.000808,0.999192,65,206.97408233556115,census_2020_first_names_by_sex
Deborah,female,622217,380,621837,0.000611,0.999389,66,206.01060678643839,census_2020_first_names_by_sex
Edward,male,616122,615401,721,0.998830,0.001170,67,203.99260559334442,census_2020_first_names_by_sex
Carol,female,614466,2713,611753,0.004415,0.995585,68,203.44431847673022,census_2020_first_names_by_sex
Benjamin,male,606324,605580,744,0.998773,0.001227,69,200.74857348671037,census_2020_first_names_by_sex
Angela,female,600162,836,599326,0.001393,0.998607,70,198.70838917959878,census_2020_first_names_by_sex
Cynthia,female,597780,454,597326,0.000759,0.999241,71,197.91972981258485,census_2020_first_names_by_sex
Sharon,female,583755,1134,582621,0.001943,0.998057,72,193.27617497531782,census_2020_first_names_by_sex
Samuel,male,566085,565090,995,0.998242,0.001758,73,187.42579251724231,census_2020_first_names_by_sex
Alexander,male,556757,554289,2468,0.995567,0.004433,74,184.33737329998547,census_2020_first_names_by_sex
Patrick,male,551884,551104,780,0.998587,0.001413,75,182.72396561927229,census_2020_first_names_by_sex
Margaret,female,549715,556,549159,0.001011,0.998989,76,182.00582868935911,census_2020_first_names_by_sex
Kathleen,female,547321,278,547043,0.000508,0.999492,77,181.21319622729726,census_2020_first_names_by_sex
Nicole,female,544076,773,543303,0.001421,0.998579,78,180.13880510808647,census_2020_first_names_by_sex
Tyler,male,541525,527058,14467,0.973285,0.026715,79,179.29419131914756,census_2020_first_names_by_sex
Brenda,female,521400,639,520761,0.001226,0.998774,80,172.63097983251657,census_2020_first_names_by_sex
Samantha,female,517508,660,516848,0.001275,0.998725,81,171.34237267197159,census_2020_first_names_by_sex
Anna,female,512954,657,512297,0.001281,0.998719,82,169.8345831012825,census_2020_first_names_by_sex
Larry,male,512456,511764,692,0.998650,0.001350,83,169.66969965679345,census_2020_first_names_by_sex
Gregory,male,503949,503419,530,0.998948,0.001052,84,166.85310635906578,census_2020_first_names_by_sex
Kelly,neutral,499222,61702,437520,0.123596,0.876404,85,165.28803800143572,census_2020_first_names_by_sex
Emma,female,498221,786,497435,0.001578,0.998422,86,164.95661565618764,census_2020_first_names_by_sex
Adam,male,496300,495516,784,0.998420,0.001580,87,164.32058935726499,census_2020_first_names_by_sex
Pamela,female,495991,291,495700,0.000587,0.999413,88,164.21828215978084,census_2020_first_names_by_sex
Aaron,male,494237,491571,2666,0.994606,0.005394,89,163.63754810027521,census_2020_first_names_by_sex
Rachel,female,493726,572,493154,0.001159,0.998841,90,163.46836046948422,census_2020_first_names_by_sex
Luis,male,489968,488505,1463,0.997014,0.002986,91,162.22411953697446,census_2020_first_names_by_sex
Christine,female,482596,558,482038,0.001156,0.998844,92,159.78331481253002,census_2020_first_names_by_sex
Nathan,male,481621,480994,627,0.998698,0.001302,93,159.46050083988581,census_2020_first_names_by_sex
Heather,female,473464,325,473139,0.000686,0.999314,94,156.75978948105606,census_2020_first_names_by_sex
Carlos,male,473046,471886,1160,0.997548,0.002452,95,156.62139333688651,census_2020_first_names_by_sex
Katherine,female,470588,404,470184,0.000859,0.999141,96,155.80757103456907,census_2020_first_names_by_sex
Julie,female,467484,421,467063,0.000901,0.999099,97,154.77986378217139,census_2020_first_names_by_sex
Debra,female,465857,300,465557,0.000644,0.999356,98,154.24117831192302,census_2020_first_names_by_sex
Peter,male,464396,463907,489,0.998947,0.001053,99,153.75745398983767,census_2020_first_names_by_sex
Victoria,female,452646,672,451974,0.001485,0.998515,100,149.86713175540717,census_2020_first_names_by_sex
Jordan,neutral,452330,329734,122596,0.728968,0.271032,101,149.76250691914504,census_2020_first_names_by_sex
Olivia,female,449373,582,448791,0.001295,0.998705,102,148.78347008108452,census_2020_first_names_by_sex
Lauren,female,449365,3304,446061,0.007353,0.992647,103,148.78082135105257,census_2020_first_names_by_sex
Dennis,male,448312,446940,1372,0.996940,0.003060,104,148.43218226059679,census_2020_first_names_by_sex
Kyle,male,436151,428758,7393,0.983049,0.016951,105,144.40578152077472,census_2020_first_names_by_sex
Zachary,male,435262,434625,637,0.998537,0.001463,106,144.11144139597397,census_2020_first_names_by_sex
Andrea,female,429407,5296,424111,0.012333,0.987667,107,142.1729021038386,census_2020_first_names_by_sex
Janet,female,429159,386,428773,0.000899,0.999101,108,142.09079147284805,census_2020_first_names_by_sex
Christina,female,423584,494,423090,0.001166,0.998834,109,140.24495773183102,census_2020_first_names_by_sex
Diane,female,422752,348,422404,0.000823,0.999177,110,139.96948980850794,census_2020_first_names_by_sex
Christian,male,415787,398291,17496,0.957921,0.042079,111,137.66343922443914,census_2020_first_names_by_sex
Jack,male,415678,414623,1055,0.997462,0.002538,112,137.62735027775378,census_2020_first_names_by_sex
Catherine,female,410557,345,410212,0.000840,0.999160,113,135.93183196605005,census_2020_first_names_by_sex
Megan,female,409941,455,409486,0.001110,0.998890,114,135.72787975358972,census_2020_first_names_by_sex
Frank,male,407086,406462,624,0.998467,0.001533,115,134.78261422343658,census_2020_first_names_by_sex
Ethan,male,403009,402294,715,0.998226,0.001774,116,133.43275518090269,census_2020_first_names_by_sex
Hannah,female,402723,500,402223,0.001242,0.998758,117,133.33806308226039,census_2020_first_names_by_sex
Teresa,female,402455,402,402053,0.000999,0.999001,118,133.24933062618996,census_2020_first_names_by_sex
Taylor,neutral,389216,95501,293715,0.245368,0.754632,119,128.86601351456227,census_2020_first_names_by_sex
Sara,female,384257,480,383777,0.001249,0.998751,120,127.22413198600559,census_2020_first_names_by_sex
Carolyn,female,384056,331,383725,0.000862,0.999138,121,127.15758264395278,census_2020_first_names_by_sex
Douglas,male,383164,382805,359,0.999063,0.000937,122,126.86224924539006,census_2020_first_names_by_sex
Betty,female,382966,504,382462,0.001316,0.998684,123,126.79669317709923,census_2020_first_names_by_sex
Sean,male,377127,375045,2082,0.994479,0.005521,124,124.86345134502776,census_2020_first_names_by_sex
Terry,neutral,376955,299571,77384,0.794713,0.205287,125,124.80650364934077,census_2020_first_names_by_sex
Judith,female,376697,275,376422,0.000730,0.999270,126,124.7210821058103,census_2020_first_names_by_sex
Alex,male,373467,350569,22898,0.938688,0.061312,127,123.6516573554094,census_2020_first_names_by_sex
Jeremy,male,372715,371936,779,0.997910,0.002090,128,123.40267673240585,census_2020_first_names_by_sex
Noah,male,372421,370028,2393,0.993574,0.006426,129,123.30533590373159,census_2020_first_names_by_sex
Cheryl,female,372341,257,372084,0.000690,0.999310,130,123.27884860341206,census_2020_first_names_by_sex
Diana,female,369707,426,369281,0.001152,0.998848,131,122.40675424039163,census_2020_first_names_by_sex
Jerry,male,369611,362580,7031,0.980977,0.019023,132,122.37496948000822,census_2020_first_names_by_sex
Martha,female,368239,521,367718,0.001415,0.998585,133,121.92071227952832,census_2020_first_names_by_sex
Chris,male,366260,345681,20579,0.943813,0.056187,134,121.26548268787403,census_2020_first_names_by_sex
Raymond,male,364286,363746,540,0.998518,0.001482,135,120.61190855248969,census_2020_first_names_by_sex
Austin,male,362154,357880,4274,0.988198,0.011802,136,119.90602199897431,census_2020_first_names_by_sex
Madison,female,360351,4742,355609,0.013159,0.986841,137,119.30906446802297,census_2020_first_names_by_sex
Shirley,female,360153,1560,358593,0.004331,0.995669,138,119.24350839973214,census_2020_first_names_by_sex
Alexis,neutral,358350,61748,296602,0.172312,0.827688,139,118.64655086878081,census_2020_first_names_by_sex
Jane,female,356607,2226,354381,0.006242,0.993758,140,118.0694588130691,census_2020_first_names_by_sex
Henry,male,354666,353863,803,0.997736,0.002264,141,117.42681068906658,census_2020_first_names_by_sex
Julia,female,349781,925,348856,0.002645,0.997355,142,115.80942991330548,census_2020_first_names_by_sex
Angel,neutral,348575,264086,84489,0.757616,0.242384,143,115.41013386098861,census_2020_first_names_by_sex
Gabriel,male,347542,341267,6275,0.981945,0.018055,144,115.06811659561272,census_2020_first_names_by_sex
Dylan,male,343919,331355,12564,0.963468,0.036532,145,113.86857298239215,census_2020_first_names_by_sex
Abigail,female,342490,759,341731,0.002216,0.997784,146,113.39544358043459,census_2020_first_names_by_sex
Logan,male,341575,317038,24537,0.928165,0.071835,147,113.09249508303,census_2020_first_names_by_sex
Victor,male,337308,336630,678,0.997990,0.002010,148,111.67972870223723,census_2020_first_names_by_sex
Gloria,female,331522,491,331031,0.001481,0.998519,149,109.76403470662746,census_2020_first_names_by_sex
Jesus,male,331353,327747,3606,0.989117,0.010883,150,109.70808028470246,census_2020_first_names_by_sex
Jacqueline,female,331316,325,330991,0.000981,0.999019,151,109.69582990830469,census_2020_first_names_by_sex
Danielle,female,329075,1551,327524,0.004713,0.995287,152,108.95385440810392,census_2020_first_names_by_sex
Keith,male,328988,328332,656,0.998006,0.001994,153,108.92504946900645,census_2020_first_names_by_sex
Sophia,female,327891,446,327445,0.001360,0.998640,154,108.56184236337494,census_2020_first_names_by_sex
Denise,female,327824,813,327011,0.002480,0.997520,155,108.53965924935733,census_2020_first_names_by_sex
Bryan,male,327372,326764,608,0.998143,0.001857,156,108.390006002552,census_2020_first_names_by_sex
Joyce,female,324179,620,323559,0.001913,0.998087,157,107.33283162854889,census_2020_first_names_by_sex
Natalie,female,324013,412,323601,0.001272,0.998728,158,107.27787048038587,census_2020_first_names_by_sex
Amber,female,322911,633,322278,0.001960,0.998040,159,106.91300791848437,census_2020_first_names_by_sex
Grace,female,322614,665,321949,0.002061,0.997939,160,106.81467381604814,census_2020_first_names_by_sex
Ana,female,321854,670,321184,0.002082,0.997918,161,106.56304446301263,census_2020_first_names_by_sex
Kathryn,female,316032,226,315806,0.000715,0.999285,162,104.63543118225905,census_2020_first_names_by_sex
Jamie,neutral,312010,72755,239255,0.233182,0.766818,163,103.30378215869486,census_2020_first_names_by_sex
Isabella,female,309067,442,308625,0.001430,0.998570,164,102.32938059819026,census_2020_first_names_by_sex
Joan,female,306627,9797,296830,0.031951,0.968049,165,101.52151793844469,census_2020_first_names_by_sex
Dorothy,female,304932,384,304548,0.001259,0.998741,166,100.9603182629247,census_2020_first_names_by_sex
Kayla,female,303207,520,302687,0.001715,0.998285,167,100.38918584978489,census_2020_first_names_by_sex
Brittany,female,302717,345,302372,0.001140,0.998860,168,100.22695113532779,census_2020_first_names_by_sex
Janice,female,302296,227,302069,0.000751,0.999249,169,100.0875617173963,census_2020_first_names_by_sex
Erin,female,301437,7734,293703,0.025657,0.974343,170,99.803154330215364,census_2020_first_names_by_sex
Shannon,neutral,300975,39056,261919,0.129765,0.870235,171,99.650190170870104,census_2020_first_names_by_sex
Lori,female,299419,223,299196,0.000745,0.999255,172,99.135012179655305,census_2020_first_names_by_sex
Miguel,male,296001,295341,660,0.997770,0.002230,173,98.003342273503534,census_2020_first_names_by_sex
Roger,male,294726,294387,339,0.998850,0.001150,174,97.581200924661061,census_2020_first_names_by_sex
Jesse,male,293709,283766,9943,0.966147,0.033853,175,97.244481119349075,census_2020_first_names_by_sex
Evelyn,female,293621,444,293177,0.001512,0.998488,176,97.215345088997594,census_2020_first_names_by_sex
Tiffany,female,293280,362,292918,0.001234,0.998766,177,97.102442971385614,census_2020_first_names_by_sex
Ann,female,293049,375,292674,0.001280,0.998720,178,97.02596089171297,census_2020_first_names_by_sex
Leslie,neutral,290492,52838,237654,0.181891,0.818109,179,96.179360555250099,census_2020_first_names_by_sex
Antonio,male,289178,288058,1120,0.996127,0.003873,180,95.744306647501872,census_2020_first_names_by_sex
Kathy,female,288053,225,287828,0.000781,0.999219,181,95.371828986758516,census_2020_first_names_by_sex
Virginia,female,286258,302,285956,0.001055,0.998945,182,94.777520185839137,census_2020_first_names_by_sex
Ruth,female,285959,423,285536,0.001479,0.998521,183,94.678523900894902,census_2020_first_names_by_sex
Alan,male,284872,284382,490,0.998280,0.001720,184,94.31862770780333,census_2020_first_names_by_sex
Robin,neutral,284371,38065,246306,0.133857,0.866143,185,94.152750989552302,census_2020_first_names_by_sex
Jorge,male,282866,282318,548,0.998063,0.001937,186,93.654458652291197,census_2020_first_names_by_sex
Judy,female,281131,350,280781,0.001245,0.998755,187,93.080015326611459,census_2020_first_names_by_sex
Allison,female,280746,1416,279330,0.005044,0.994956,188,92.952545193823738,census_2020_first_names_by_sex
Cameron,male,280514,252960,27554,0.901773,0.098227,189,92.875732022897111,census_2020_first_names_by_sex
Helen,female,280357,325,280032,0.001159,0.998841,190,92.823750696020028,census_2020_first_names_by_sex
Shawn,male,279685,253015,26670,0.904643,0.095357,191,92.601257373336011,census_2020_first_names_by_sex
Theresa,female,278873,230,278643,0.000825,0.999175,192,92.332411275092809,census_2020_first_names_by_sex
Tammy,female,277310,401,276909,0.001446,0.998554,193,91.814915645100058,census_2020_first_names_by_sex
Joe,male,275876,272033,3843,0.986070,0.013930,194,91.340130786872535,census_2020_first_names_by_sex
Alyssa,female,274552,315,274237,0.001147,0.998853,195,90.901765966584364,census_2020_first_names_by_sex
Crystal,female,274101,415,273686,0.001514,0.998486,196,90.752443811033032,census_2020_first_names_by_sex
Martin,male,271877,271155,722,0.997344,0.002656,197,90.016096862150178,census_2020_first_names_by_sex
Jean,neutral,270231,42023,228208,0.155508,0.844492,198,89.471120658075918,census_2020_first_names_by_sex
Mason,male,269852,266724,3128,0.988408,0.011592,199,89.345637072812153,census_2020_first_names_by_sex
Tracy,neutral,268037,43822,224215,0.163492,0.836508,200,88.744706446812899,census_2020_first_names_by_sex
Bruce,male,267817,267471,346,0.998708,0.001292,201,88.671866370934197,census_2020_first_names_by_sex
Luke,male,267180,266792,388,0.998548,0.001452,202,88.460961242139959,census_2020_first_names_by_sex
Monica,female,264966,355,264611,0.001340,0.998660,203,87.72792520579705,census_2020_first_names_by_sex
Marie,female,264225,571,263654,0.002161,0.997839,204,87.482586586587431,census_2020_first_names_by_sex
Caleb,male,264107,263512,595,0.997747,0.002253,205,87.443517818616144,census_2020_first_names_by_sex
Steve,male,262435,262040,395,0.998495,0.001505,206,86.889933241938024,census_2020_first_names_by_sex
Gerald,male,258431,257833,598,0.997686,0.002314,207,85.564243860945695,census_2020_first_names_by_sex
Wendy,female,257751,613,257138,0.002378,0.997622,208,85.339101808229714,census_2020_first_names_by_sex
Ava,female,257513,370,257143,0.001437,0.998563,209,85.260302089779131,census_2020_first_names_by_sex
Paula,female,256421,477,255944,0.001860,0.998140,210,84.898750440417587,census_2020_first_names_by_sex
Joel,male,256017,254446,1571,0.993864,0.006136,211,84.764989573803973,census_2020_first_names_by_sex
Charlotte,female,254532,263,254269,0.001033,0.998967,212,84.273319061622757,census_2020_first_names_by_sex
Rosa,female,254275,622,253653,0.002446,0.997554,213,84.188228609346282,census_2020_first_names_by_sex
Evan,male,254255,250088,4167,0.983611,0.016389,214,84.181606784266407,census_2020_first_names_by_sex
Tina,female,253384,283,253101,0.001117,0.998883,215,83.893226302037547,census_2020_first_names_by_sex
Elijah,male,252751,251625,1126,0.995545,0.004455,216,83.683645538259299,census_2020_first_names_by_sex
Dawn,female,252273,674,251599,0.002672,0.997328,217,83.52538391885011,census_2020_first_names_by_sex
Randy,male,250619,246887,3732,0.985109,0.014891,218,82.9777589847439,census_2020_first_names_by_sex
Beverly,female,249640,1026,248614,0.004110,0.995890,219,82.653620647083685,census_2020_first_names_by_sex
Lucas,male,249246,248689,557,0.997765,0.002235,220,82.523170693010016,census_2020_first_names_by_sex
Marilyn,female,248652,300,248352,0.001207,0.998793,221,82.326502488137521,census_2020_first_names_by_sex
Cody,male,248588,244490,4098,0.983515,0.016485,222,82.305312647881905,census_2020_first_names_by_sex
Travis,male,248557,247841,716,0.997119,0.002881,223,82.295048819008088,census_2020_first_names_by_sex
Kim,neutral,246384,29124,217260,0.118206,0.881794,224,81.575587524078941,census_2020_first_names_by_sex
Courtney,female,246235,16724,229511,0.067919,0.932081,225,81.526254927233822,census_2020_first_names_by_sex
Francisco,male,246232,245399,833,0.996617,0.003383,226,81.525261653471844,census_2020_first_names_by_sex
Walter,male,244847,244421,426,0.998260,0.001740,227,81.066700266690034,census_2020_first_names_by_sex
Craig,male,244493,244228,265,0.998916,0.001084,228,80.949493962776131,census_2020_first_names_by_sex
Carl,male,243430,242762,668,0.997256,0.002744,229,80.59754395978041,census_2020_first_names_by_sex
Alicia,female,242747,362,242385,0.001491,0.998509,230,80.371408633302451,census_2020_first_names_by_sex
Isaac,male,242217,241746,471,0.998055,0.001945,231,80.195930268685586,census_2020_first_names_by_sex
Adrian,male,241093,227808,13285,0.944897,0.055103,232,79.823783699196227,census_2020_first_names_by_sex
Manuel,male,240816,240292,524,0.997824,0.002176,233,79.732071421839876,census_2020_first_names_by_sex
Lawrence,male,240687,240265,422,0.998247,0.001753,234,79.689360650074633,census_2020_first_names_by_sex
Cindy,female,240226,283,239943,0.001178,0.998822,235,79.536727581983357,census_2020_first_names_by_sex
Jackson,male,239893,238927,966,0.995973,0.004027,236,79.426474194403326,census_2020_first_names_by_sex
Vanessa,female,239196,299,238897,0.001250,0.998750,237,79.195703590369462,census_2020_first_names_by_sex
Todd,male,238713,238487,226,0.999053,0.000947,238,79.035786514690315,census_2020_first_names_by_sex
Carmen,female,237758,9027,228731,0.037967,0.962033,239,78.719594367125964,census_2020_first_names_by_sex
Bradley,male,237481,236570,911,0.996164,0.003836,240,78.627882089769585,census_2020_first_names_by_sex
Vincent,male,237080,236697,383,0.998385,0.001615,241,78.495114496917964,census_2020_first_names_by_sex
Morgan,neutral,235724,34373,201351,0.145819,0.854181,242,78.046154756501977,census_2020_first_names_by_sex
Veronica,female,234659,293,234366,0.001249,0.998751,243,77.693542570998289,census_2020_first_names_by_sex
Hunter,male,230193,218829,11364,0.950633,0.049367,244,76.214889030660686,census_2020_first_names_by_sex
Alexandra,female,229437,954,228483,0.004158,0.995842,245,75.964584042641164,census_2020_first_names_by_sex
Mike,male,228046,227449,597,0.997382,0.002618,246,75.504036108335384,census_2020_first_names_by_sex
Valerie,female,226036,332,225704,0.001469,0.998531,247,74.838542687807276,census_2020_first_names_by_sex
Melanie,female,225738,276,225462,0.001223,0.998777,248,74.739877494117039,census_2020_first_names_by_sex
Alice,female,225222,505,224717,0.002242,0.997758,249,74.569034407056094,census_2020_first_names_by_sex
Philip,male,223037,222839,198,0.999112,0.000888,250,73.845600017079008,census_2020_first_names_by_sex
Ian,male,222811,222162,649,0.997087,0.002913,251,73.77077339367635,census_2020_first_names_by_sex
Anne,female,221693,175,221518,0.000789,0.999211,252,73.400613371710961,census_2020_first_names_by_sex
Brianna,female,221271,321,220950,0.001451,0.998549,253,73.260892862525452,census_2020_first_names_by_sex
Mia,female,219780,633,219147,0.002880,0.997120,254,72.767235802820281,census_2020_first_names_by_sex
Bonnie,female,219134,871,218263,0.003975,0.996025,255,72.553350852740095,census_2020_first_names_by_sex
Jasmine,female,218324,640,217684,0.002931,0.997069,256,72.285166937004874,census_2020_first_names_by_sex
Liam,male,218131,217431,700,0.996791,0.003209,257,72.221266324984015,census_2020_first_names_by_sex
Phillip,male,216746,216475,271,0.998750,0.001250,258,71.762704938202205,census_2020_first_names_by_sex
Erica,female,215652,508,215144,0.002356,0.997644,259,71.40049110633268,census_2020_first_names_by_sex
Katie,female,215039,284,214755,0.001321,0.998679,260,71.197532167634307,census_2020_first_names_by_sex
Mario,male,213074,211692,1382,0.993514,0.006486,261,70.546937853535937,census_2020_first_names_by_sex
Wayne,male,213032,212746,286,0.998657,0.001343,262,70.533032020868177,census_2020_first_names_by_sex
Oscar,male,212946,212503,443,0.997920,0.002080,263,70.504558173024677,census_2020_first_names_by_sex
Dana,neutral,210579,38148,172431,0.181158,0.818842,264,69.720865174820688,census_2020_first_names_by_sex
Chad,male,209144,208927,217,0.998962,0.001038,265,69.245749225339182,census_2020_first_names_by_sex
Connie,female,209013,2199,206814,0.010521,0.989479,266,69.202376271065944,census_2020_first_names_by_sex
Jeff,male,208615,208368,247,0.998816,0.001184,267,69.0706019519763,census_2020_first_names_by_sex
Connor,male,208374,206850,1524,0.992686,0.007314,268,68.990808959763726,census_2020_first_names_by_sex
April,female,206083,397,205686,0.001926,0.998074,269,68.232278896863264,census_2020_first_names_by_sex
Arthur,male,205844,205409,435,0.997887,0.002113,270,68.153148087158684,census_2020_first_names_by_sex
Russell,male,202735,202342,393,0.998062,0.001938,271,67.123785378491064,census_2020_first_names_by_sex
Sheila,female,202159,163,201996,0.000806,0.999194,272,66.933076816190479,census_2020_first_names_by_sex
Frances,female,201693,1735,199958,0.008602,0.991398,273,66.778788291829244,census_2020_first_names_by_sex
Derek,male,201259,201013,246,0.998778,0.001222,274,66.635094687595796,census_2020_first_names_by_sex
Leah,female,200964,259,200705,0.001289,0.998711,275,66.537422767667536,census_2020_first_names_by_sex
Chloe,female,200400,314,200086,0.001567,0.998433,276,66.350687300414876,census_2020_first_names_by_sex
Michele,female,199114,2853,196261,0.014328,0.985672,277,65.924903947778489,census_2020_first_names_by_sex
Kristen,female,199107,1270,197837,0.006378,0.993622,278,65.922586309000536,census_2020_first_names_by_sex
Caroline,female,199035,235,198800,0.001181,0.998819,279,65.898747738712942,census_2020_first_names_by_sex
Audrey,female,198826,806,198020,0.004054,0.995946,280,65.829549666628196,census_2020_first_names_by_sex
Norma,female,197653,408,197245,0.002064,0.997936,281,65.441179625693124,census_2020_first_names_by_sex
Danny,male,197114,195544,1570,0.992035,0.007965,282,65.262721439790312,census_2020_first_names_by_sex
Rose,female,196309,459,195850,0.002338,0.997662,283,64.996192980325077,census_2020_first_names_by_sex
Jayden,male,195732,176369,19363,0.901074,0.098926,284,64.805153326770494,census_2020_first_names_by_sex
Jill,female,194537,273,194264,0.001403,0.998597,285,64.409499278247566,census_2020_first_names_by_sex
Julian,male,193591,190357,3234,0.983295,0.016705,286,64.096286951969148,census_2020_first_names_by_sex
Aiden,male,193526,191460,2066,0.989324,0.010676,287,64.074766020459535,census_2020_first_names_by_sex
Lynn,neutral,193296,28890,164406,0.149460,0.850540,288,63.998615032040895,census_2020_first_names_by_sex
Albert,male,192229,191849,380,0.998023,0.001977,289,63.645340664029199,census_2020_first_names_by_sex
Tony,male,191115,188832,2283,0.988054,0.011946,290,63.276505007079784,census_2020_first_names_by_sex
Riley,neutral,191103,83332,107771,0.436058,0.563942,291,63.272531912031859,census_2020_first_names_by_sex
Nathaniel,male,189977,189625,352,0.998147,0.001853,292,62.899723160034519,census_2020_first_names_by_sex
Ricardo,male,189959,189605,354,0.998136,0.001864,293,62.893763517462631,census_2020_first_names_by_sex
Claudia,female,189171,321,188850,0.001697,0.998303,294,62.632863609315287,census_2020_first_names_by_sex
Suzanne,female,188910,96,188814,0.000508,0.999492,295,62.546448792022822,census_2020_first_names_by_sex
Dale,male,188893,172981,15912,0.915762,0.084238,296,62.540820240704925,census_2020_first_names_by_sex
Sherry,female,187596,327,187269,0.001743,0.998257,297,62.111394884274596,census_2020_first_names_by_sex
Harold,male,186450,186203,247,0.998675,0.001325,298,61.73196430719738,census_2020_first_names_by_sex
Ella,female,185535,283,185252,0.001525,0.998475,299,61.429015809792787,census_2020_first_names_by_sex
Rita,female,184218,199,184019,0.001080,0.998920,300,60.992968628282576,census_2020_first_names_by_sex
Marcus,male,184054,183659,395,0.997854,0.002146,301,60.938669662627547,census_2020_first_names_by_sex
Peggy,female,183679,145,183534,0.000789,0.999211,302,60.814510442379763,census_2020_first_names_by_sex
Louis,male,183365,181802,1563,0.991476,0.008524,303,60.710547788625618,census_2020_first_names_by_sex
Johnny,male,183104,181869,1235,0.993255,0.006745,304,60.624132971333168,census_2020_first_names_by_sex
Holly,female,182754,489,182265,0.002676,0.997324,305,60.50825103243524,census_2020_first_names_by_sex
Lillian,female,182256,220,182036,0.001207,0.998793,306,60.343367587946176,census_2020_first_names_by_sex
Joanne,female,181755,206,181549,0.001133,0.998867,307,60.177490869695148,census_2020_first_names_by_sex
Jared,male,180306,179932,374,0.997926,0.002074,308,59.697739642657716,census_2020_first_names_by_sex
Alejandro,male,180051,179214,837,0.995351,0.004649,309,59.613311372889221,census_2020_first_names_by_sex
Brooke,female,178439,1385,177054,0.007762,0.992238,310,59.07959227145075,census_2020_first_names_by_sex
Amelia,female,176472,234,176238,0.001326,0.998674,311,58.428335774844385,census_2020_first_names_by_sex
Owen,male,176419,175930,489,0.997228,0.002772,312,58.410787938382697,census_2020_first_names_by_sex
Elaine,female,176185,179,176006,0.001016,0.998984,313,58.333312584948082,census_2020_first_names_by_sex
Roy,male,176166,175775,391,0.997781,0.002219,314,58.32702185112219,census_2020_first_names_by_sex
Isaiah,male,175788,175312,476,0.997292,0.002708,315,58.201869357112429,census_2020_first_names_by_sex
Avery,neutral,175333,48029,127304,0.273930,0.726070,316,58.051222836545129,census_2020_first_names_by_sex
Pedro,male,175194,174854,340,0.998059,0.001941,317,58.005201152239941,census_2020_first_names_by_sex
Doris,female,174013,515,173498,0.002960,0.997040,318,57.614182381272926,census_2020_first_names_by_sex
Blake,male,173524,162125,11399,0.934309,0.065691,319,57.452278758069816,census_2020_first_names_by_sex
Billy,male,173433,171419,2014,0.988387,0.011613,320,57.422149453956358,census_2020_first_names_by_sex
Rhonda,female,173379,177,173202,0.001021,0.998979,321,57.404270526240673,census_2020_first_names_by_sex
Ellen,female,173112,266,172846,0.001537,0.998463,322,57.31586916142426,census_2020_first_names_by_sex
Jimmy,male,173056,172302,754,0.995643,0.004357,323,57.29732805120058,census_2020_first_names_by_sex
Roberto,male,172377,171962,415,0.997592,0.002408,324,57.072517089738596,census_2020_first_names_by_sex
Rodney,male,172298,172034,264,0.998468,0.001532,325,57.04636088067307,census_2020_first_names_by_sex
Dustin,male,171388,170773,615,0.996412,0.003588,326,56.74506783953845,census_2020_first_names_by_sex
Wanda,female,171034,209,170825,0.001222,0.998778,327,56.627861535624547,census_2020_first_names_by_sex
Sydney,female,169164,5551,163613,0.032814,0.967186,328,56.008720890655603,census_2020_first_names_by_sex
Gavin,male,168745,168329,416,0.997535,0.002465,329,55.869993655232079,census_2020_first_names_by_sex
Hector,male,168413,168076,337,0.997999,0.002001,330,55.760071358906046,census_2020_first_names_by_sex
Shane,male,167539,164680,2859,0.982935,0.017065,331,55.470697602915209,census_2020_first_names_by_sex
Allen,male,166924,166027,897,0.994626,0.005374,332,55.267076481708848,census_2020_first_names_by_sex
Phyllis,female,165949,204,165745,0.001229,0.998771,333,54.944262509064615,census_2020_first_names_by_sex
Casey,neutral,165300,94740,70560,0.573140,0.426860,334,54.729384285222459,census_2020_first_names_by_sex
Gail,female,165125,3486,161639,0.021111,0.978889,335,54.671443315773487,census_2020_first_names_by_sex
Lee,neutral,164578,128062,36516,0.778123,0.221877,336,54.490336399838725,census_2020_first_names_by_sex
Renee,female,164460,1706,162754,0.010373,0.989627,337,54.451267631867417,census_2020_first_names_by_sex
Anita,female,164324,173,164151,0.001053,0.998947,338,54.406239221324221,census_2020_first_names_by_sex
Jay,male,164097,160262,3835,0.976630,0.023370,339,54.331081506667566,census_2020_first_names_by_sex
Claire,female,163948,650,163298,0.003965,0.996035,340,54.281748909822447,census_2020_first_names_by_sex
Bobby,male,163860,159220,4640,0.971683,0.028317,341,54.252612879470966,census_2020_first_names_by_sex
Kristin,female,163325,876,162449,0.005364,0.994636,342,54.075479058584129,census_2020_first_names_by_sex
Troy,male,162599,161371,1228,0.992448,0.007552,343,53.835106808184428,census_2020_first_names_by_sex
Ralph,male,162513,162321,192,0.998819,0.001181,344,53.806632960340934,census_2020_first_names_by_sex
Stacy,female,162109,15621,146488,0.096361,0.903639,345,53.672872093727328,census_2020_first_names_by_sex
Eva,female,161325,330,160995,0.002046,0.997954,346,53.413296550595959,census_2020_first_names_by_sex
Jon,male,161311,160267,1044,0.993528,0.006472,347,53.408661273040039,census_2020_first_names_by_sex
Edwin,male,160734,160431,303,0.998115,0.001885,348,53.217621619485456,census_2020_first_names_by_sex
Carter,male,160407,154155,6252,0.961024,0.038976,349,53.109354779429395,census_2020_first_names_by_sex
Curtis,male,159667,159266,401,0.997489,0.002511,350,52.864347251473774,census_2020_first_names_by_sex
Javier,male,158810,158457,353,0.997777,0.002223,351,52.580602046800834,census_2020_first_names_by_sex
Tara,female,158365,643,157722,0.004060,0.995940,352,52.433266438773465,census_2020_first_names_by_sex
Jaime,neutral,158232,113150,45082,0.715089,0.284911,353,52.389231301992254,census_2020_first_names_by_sex
Carrie,female,157744,290,157454,0.001838,0.998162,354,52.227658770043142,census_2020_first_names_by_sex
Jeremiah,male,157203,156739,464,0.997048,0.002952,355,52.048538401632342,census_2020_first_names_by_sex
Chase,male,157104,153707,3397,0.978377,0.021623,356,52.015760367486926,census_2020_first_names_by_sex
Corey,male,156599,149117,7482,0.952222,0.047778,357,51.84855928421991,census_2020_first_names_by_sex
Willie,neutral,156156,133553,22603,0.855254,0.144746,358,51.701885858700528,census_2020_first_names_by_sex
Sebastian,male,156144,155655,489,0.996868,0.003132,359,51.697912763652603,census_2020_first_names_by_sex
Lily,female,155678,263,155415,0.001689,0.998311,360,51.543624239291354,census_2020_first_names_by_sex
Randall,male,155628,155039,589,0.996215,0.003785,361,51.527069676591651,census_2020_first_names_by_sex
Wesley,male,155434,153717,1717,0.988954,0.011046,362,51.462837973316802,census_2020_first_names_by_sex
Molly,female,153463,230,153233,0.001499,0.998501,363,50.810257111694447,census_2020_first_names_by_sex
Sylvia,female,152900,224,152676,0.001465,0.998535,364,50.623852735695777,census_2020_first_names_by_sex
Eduardo,male,152636,152338,298,0.998048,0.001952,365,50.53644464464135,census_2020_first_names_by_sex
Jeffery,male,152231,151949,282,0.998148,0.001852,366,50.402352686773739,census_2020_first_names_by_sex
Wyatt,male,152059,151343,716,0.995291,0.004709,367,50.34540499108676,census_2020_first_names_by_sex
Fernando,male,151654,151123,531,0.996499,0.003501,368,50.211313033219156,census_2020_first_names_by_sex
Sofia,female,151654,246,151408,0.001622,0.998378,368,50.211313033219156,census_2020_first_names_by_sex
Landon,male,151003,150043,960,0.993643,0.006357,370,49.995772626869005,census_2020_first_names_by_sex
Savannah,female,149937,188,149749,0.001254,0.998746,371,49.642829350111313,census_2020_first_names_by_sex
Joann,female,149035,272,148763,0.001825,0.998175,372,49.344185039008643,census_2020_first_names_by_sex
Rafael,male,148942,148529,413,0.997227,0.002773,373,49.31339355238719,census_2020_first_names_by_sex
Kaitlyn,female,148542,159,148383,0.001070,0.998930,374,49.180957050789551,census_2020_first_names_by_sex
Lindsey,female,147985,4002,143983,0.027043,0.972957,375,48.996539222314844,census_2020_first_names_by_sex
Hailey,female,147731,251,147480,0.001699,0.998301,376,48.912442043800347,census_2020_first_names_by_sex
Erika,female,147434,229,147205,0.001553,0.998447,377,48.814107941364114,census_2020_first_names_by_sex
Gina,female,147074,204,146870,0.001387,0.998613,378,48.694915089926241,census_2020_first_names_by_sex
Oliver,male,146493,145838,655,0.995529,0.004471,379,48.502551071355676,census_2020_first_names_by_sex
Cathy,female,146470,126,146344,0.000860,0.999140,380,48.494935972513808,census_2020_first_names_by_sex
Ricky,male,146356,145377,979,0.993311,0.006689,381,48.457191569558482,census_2020_first_names_by_sex
Darlene,female,145944,168,145776,0.001151,0.998849,382,48.320781972912926,census_2020_first_names_by_sex
Glenn,male,145760,145044,716,0.995088,0.004912,383,48.259861182178007,census_2020_first_names_by_sex
Trevor,male,145694,145330,364,0.997502,0.002498,384,48.238009159414396,census_2020_first_names_by_sex
Dominic,male,145027,143816,1211,0.991650,0.008350,385,48.017171293000345,census_2020_first_names_by_sex
Devin,neutral,144827,129482,15345,0.894046,0.105954,386,47.950953042201526,census_2020_first_names_by_sex
Carla,female,144782,242,144540,0.001671,0.998329,387,47.936053935771795,census_2020_first_names_by_sex
Haley,female,144722,560,144162,0.003869,0.996131,388,47.916188460532148,census_2020_first_names_by_sex
Debbie,female,144402,194,144208,0.001343,0.998657,389,47.81023925925404,census_2020_first_names_by_sex
Laurie,female,144345,730,143615,0.005057,0.994943,390,47.791367057776377,census_2020_first_names_by_sex
Seth,male,144312,144049,263,0.998178,0.001822,391,47.780441046394571,census_2020_first_names_by_sex
Tim,male,143982,143489,493,0.996576,0.003424,392,47.671180932576526,census_2020_first_names_by_sex
Madeline,female,143899,198,143701,0.001376,0.998624,393,47.643700358495018,census_2020_first_names_by_sex
Irene,female,143800,328,143472,0.002281,0.997719,394,47.610922324349602,census_2020_first_names_by_sex
Chelsea,female,143411,273,143138,0.001904,0.998096,395,47.482127826545899,census_2020_first_names_by_sex
Eugene,male,143351,142687,664,0.995368,0.004632,396,47.462262351306251,census_2020_first_names_by_sex
Brett,male,142080,139395,2685,0.981102,0.018898,397,47.041445367479774,census_2020_first_names_by_sex
Cassandra,female,141760,158,141602,0.001115,0.998885,398,46.935496166201659,census_2020_first_names_by_sex
Stacey,female,141480,9833,131647,0.069501,0.930499,399,46.842790615083317,census_2020_first_names_by_sex
Theodore,male,141175,140942,233,0.998350,0.001650,400,46.741807782615119,census_2020_first_names_by_sex
Jenna,female,140773,164,140609,0.001165,0.998835,401,46.6087090985095,census_2020_first_names_by_sex
Ruby,female,140132,669,139463,0.004774,0.995226,402,46.396479604699287,census_2020_first_names_by_sex
Lydia,female,139560,186,139374,0.001333,0.998667,403,46.207095407414677,census_2020_first_names_by_sex
Sally,female,139332,237,139095,0.001701,0.998299,404,46.131606601504025,census_2020_first_names_by_sex
Regina,female,139152,191,138961,0.001373,0.998627,405,46.072010175785088,census_2020_first_names_by_sex
Frederick,male,138927,138765,162,0.998834,0.001166,406,45.997514643636414,census_2020_first_names_by_sex
Kelsey,female,138745,3842,134903,0.027691,0.972309,407,45.93725603540949,census_2020_first_names_by_sex
Harry,male,138544,138242,302,0.997820,0.002180,408,45.870706693356688,census_2020_first_names_by_sex
Francis,neutral,138493,121263,17230,0.875589,0.124411,409,45.853821039402987,census_2020_first_names_by_sex
Erik,male,137631,137337,294,0.997864,0.002136,410,45.568420378460083,census_2020_first_names_by_sex
Heidi,female,137519,128,137391,0.000931,0.999069,411,45.531338158012744,census_2020_first_names_by_sex
Colleen,female,137514,103,137411,0.000749,0.999251,412,45.529682701742772,census_2020_first_names_by_sex
Ivan,male,137218,136683,535,0.996101,0.003899,413,45.431679690560529,census_2020_first_names_by_sex
Levi,male,136747,135782,965,0.992943,0.007057,414,45.275735709929307,census_2020_first_names_by_sex
Shelby,female,136597,9568,127029,0.070045,0.929955,415,45.226072021830191,census_2020_first_names_by_sex
Barry,male,136560,136211,349,0.997444,0.002556,416,45.213821645432418,census_2020_first_names_by_sex
Beth,female,136269,114,136155,0.000837,0.999163,417,45.11747409052014,census_2020_first_names_by_sex
Stanley,male,135819,135561,258,0.998100,0.001900,418,44.968483026222799,census_2020_first_names_by_sex
Yolanda,female,135779,198,135581,0.001458,0.998542,419,44.955239376063034,census_2020_first_names_by_sex
Marvin,male,135343,134873,470,0.996527,0.003473,420,44.810883589321612,census_2020_first_names_by_sex
Howard,male,134907,134651,256,0.998102,0.001898,421,44.666527802580191,census_2020_first_names_by_sex
Cole,male,134580,133856,724,0.994620,0.005380,422,44.55826096252413,census_2020_first_names_by_sex
Max,male,133914,132923,991,0.992600,0.007400,423,44.337754187364062,census_2020_first_names_by_sex
Paige,female,133478,811,132667,0.006076,0.993924,424,44.193398400622641,census_2020_first_names_by_sex
Sergio,male,133220,132964,256,0.998078,0.001922,425,44.107976857092169,census_2020_first_names_by_sex
Jake,male,132610,132247,363,0.997263,0.002737,426,43.906011192155773,census_2020_first_names_by_sex
Dean,male,132116,130626,1490,0.988722,0.011278,427,43.742452112682699,census_2020_first_names_by_sex
Edgar,male,132092,131818,274,0.997926,0.002074,428,43.734505922586841,census_2020_first_names_by_sex
Lois,female,131667,923,130744,0.007010,0.992990,429,43.593792139639355,census_2020_first_names_by_sex
Raul,male,131547,131297,250,0.998100,0.001900,430,43.554061189160066,census_2020_first_names_by_sex
Greg,male,131523,131374,149,0.998867,0.001133,431,43.546114999064201,census_2020_first_names_by_sex
Esther,female,131090,250,130840,0.001907,0.998093,432,43.402752486084765,census_2020_first_names_by_sex
Lucy,female,130370,217,130153,0.001664,0.998336,433,43.164366783209026,census_2020_first_names_by_sex
Diego,male,129961,129682,279,0.997853,0.002147,434,43.02895046032544,census_2020_first_names_by_sex
Isabel,female,129711,2036,127675,0.015696,0.984304,435,42.946177646826918,census_2020_first_names_by_sex
Vivian,female,129224,1011,128213,0.007824,0.992176,436,42.784936206131796,census_2020_first_names_by_sex
Fred,male,129142,128796,346,0.997321,0.002679,437,42.757786723304285,census_2020_first_names_by_sex
Addison,female,128866,9953,118913,0.077235,0.922765,438,42.666405537201918,census_2020_first_names_by_sex
Tamara,female,128711,129,128582,0.001002,0.998998,439,42.615086392832829,census_2020_first_names_by_sex
Jackie,neutral,128298,36724,91574,0.286240,0.713760,440,42.478345704933275,census_2020_first_names_by_sex
Guadalupe,neutral,128245,28029,100216,0.218558,0.781442,441,42.460797868471587,census_2020_first_names_by_sex
Dan,male,127523,123863,3660,0.971299,0.028701,442,42.221749983087861,census_2020_first_names_by_sex
Annette,female,126912,110,126802,0.000867,0.999133,443,42.019453226897468,census_2020_first_names_by_sex
Omar,male,126840,126481,359,0.997170,0.002830,444,41.995614656609895,census_2020_first_names_by_sex
Adriana,female,126691,330,126361,0.002605,0.997395,445,41.946282059764776,census_2020_first_names_by_sex
Ruben,male,126201,125911,290,0.997702,0.002298,446,41.784047345307677,census_2020_first_names_by_sex
Zoe,female,125886,605,125281,0.004806,0.995194,447,41.679753600299541,census_2020_first_names_by_sex
Josh,male,125623,125403,220,0.998249,0.001751,448,41.592676600499097,census_2020_first_names_by_sex
Maureen,female,125608,99,125509,0.000788,0.999212,449,41.587710231689179,census_2020_first_names_by_sex
Marc,male,125342,125168,174,0.998612,0.001388,450,41.499639958126757,census_2020_first_names_by_sex
Sabrina,female,125167,148,125019,0.001182,0.998818,451,41.441698988677793,census_2020_first_names_by_sex
Mackenzie,female,125027,6120,118907,0.048949,0.951051,452,41.395346213118621,census_2020_first_names_by_sex
Vicki,female,124993,103,124890,0.000824,0.999176,453,41.384089110482826,census_2020_first_names_by_sex
Leonard,male,124979,124750,229,0.998168,0.001832,454,41.379453832926899,census_2020_first_names_by_sex
Julio,male,124934,124445,489,0.996086,0.003914,455,41.364554726497168,census_2020_first_names_by_sex
Calvin,male,124765,124504,261,0.997908,0.002092,456,41.308600304572167,census_2020_first_names_by_sex
Kristina,female,124534,120,124414,0.000964,0.999036,457,41.232118224899537,census_2020_first_names_by_sex
Mitchell,male,124130,123256,874,0.992959,0.007041,458,41.098357358285924,census_2020_first_names_by_sex
Josephine,female,123986,195,123791,0.001573,0.998427,459,41.050680217710777,census_2020_first_names_by_sex
Colin,male,123025,122699,326,0.997350,0.002650,460,40.732501522622456,census_2020_first_names_by_sex
Eli,male,122713,120639,2074,0.983099,0.016901,461,40.629201051376306,census_2020_first_names_by_sex
Lindsay,female,122638,2893,119745,0.023590,0.976410,462,40.604369207326748,census_2020_first_names_by_sex
Sam,male,121443,111555,9888,0.918579,0.081421,463,40.208715158803813,census_2020_first_names_by_sex
Terri,female,121174,738,120436,0.006090,0.993910,464,40.119651611479405,census_2020_first_names_by_sex
Cesar,male,121106,120844,262,0.997837,0.002163,465,40.097137406207807,census_2020_first_names_by_sex
Parker,neutral,120174,102009,18165,0.848844,0.151156,466,39.788560357485316,census_2020_first_names_by_sex
Eleanor,female,120071,159,119912,0.001324,0.998676,467,39.754457958323925,census_2020_first_names_by_sex
Eileen,female,119999,90,119909,0.000750,0.999250,468,39.730619388036352,census_2020_first_names_by_sex
Aubrey,neutral,119928,14983,104945,0.124933,0.875067,469,39.707111909002776,census_2020_first_names_by_sex
Faith,female,119725,354,119371,0.002957,0.997043,470,39.639900384441979,census_2020_first_names_by_sex
Xavier,male,119289,118581,708,0.994065,0.005935,471,39.495544597700551,census_2020_first_names_by_sex
Destiny,female,119198,475,118723,0.003985,0.996015,472,39.465415293587093,census_2020_first_names_by_sex
Nora,female,119144,286,118858,0.002400,0.997600,473,39.447536365871414,census_2020_first_names_by_sex
Brent,male,119140,118950,190,0.998405,0.001595,474,39.446212000855432,census_2020_first_names_by_sex
Melinda,female,118796,92,118704,0.000774,0.999226,475,39.332316609481467,census_2020_first_names_by_sex
Gabrielle,female,118795,1086,117709,0.009142,0.990858,476,39.331985518227476,census_2020_first_names_by_sex
Hayden,neutral,118666,92292,26374,0.777746,0.222254,477,39.289274746462233,census_2020_first_names_by_sex
Leo,male,118356,117622,734,0.993798,0.006202,478,39.18663645772407,census_2020_first_names_by_sex
Tom,male,118350,117940,410,0.996536,0.003464,479,39.184649910200108,census_2020_first_names_by_sex
Yvonne,female,118154,253,117901,0.002141,0.997859,480,39.119756024417264,census_2020_first_names_by_sex
Katelyn,female,117578,119,117459,0.001012,0.998988,481,38.929047462116671,census_2020_first_names_by_sex
Joy,female,117520,1718,115802,0.014619,0.985381,482,38.909844169385018,census_2020_first_names_by_sex
Angelica,female,117165,159,117006,0.001357,0.998643,483,38.79230677421711,census_2020_first_names_by_sex
Colton,male,117141,116954,187,0.998404,0.001596,484,38.784360584121259,census_2020_first_names_by_sex
Garrett,male,116551,116231,320,0.997254,0.002746,485,38.58901674426474,census_2020_first_names_by_sex
Alexa,female,115935,314,115621,0.002708,0.997292,486,38.385064531804389,census_2020_first_names_by_sex
Annie,female,115909,249,115660,0.002148,0.997852,487,38.376456159200544,census_2020_first_names_by_sex
Kaylee,female,115422,161,115261,0.001395,0.998605,488,38.215214718505422,census_2020_first_names_by_sex
Nick,male,115412,114336,1076,0.990677,0.009323,489,38.211903805965484,census_2020_first_names_by_sex
Andres,male,115081,114536,545,0.995264,0.004736,490,38.102312600893441,census_2020_first_names_by_sex
Elena,female,114540,163,114377,0.001423,0.998577,491,37.923192232482641,census_2020_first_names_by_sex
Ernest,male,114307,114067,240,0.997900,0.002100,492,37.846047970302017,census_2020_first_names_by_sex
Ramon,male,114143,113784,359,0.996855,0.003145,493,37.791749004646981,census_2020_first_names_by_sex
Sonia,female,113726,173,113553,0.001521,0.998479,494,37.653683951731452,census_2020_first_names_by_sex
Peyton,neutral,113474,44518,68956,0.392319,0.607681,495,37.570248955724942,census_2020_first_names_by_sex
Cory,male,113340,107479,5861,0.948288,0.051712,496,37.525882727689734,census_2020_first_names_by_sex
Marcia,female,113325,168,113157,0.001482,0.998518,497,37.520916358879823,census_2020_first_names_by_sex
Naomi,female,113178,206,112972,0.001820,0.998180,498,37.472245944542692,census_2020_first_names_by_sex
Karla,female,113141,185,112956,0.001635,0.998365,499,37.459995568144912,census_2020_first_names_by_sex
Gabriela,female,112854,272,112582,0.002410,0.997590,500,37.364972378248609,census_2020_first_names_by_sex
Rosemary,female,112645,102,112543,0.000905,0.999095,501,37.295774306163842,census_2020_first_names_by_sex
Deanna,female,112509,109,112400,0.000969,0.999031,502,37.250745895620646,census_2020_first_names_by_sex
Jenny,female,111784,394,111390,0.003525,0.996475,503,37.010704736474935,census_2020_first_names_by_sex
Marissa,female,111567,131,111436,0.001174,0.998826,504,36.938857934358218,census_2020_first_names_by_sex
Melvin,male,111421,110942,479,0.995701,0.004299,505,36.890518611275077,census_2020_first_names_by_sex
Bailey,neutral,111403,17544,93859,0.157482,0.842518,506,36.884558968703189,census_2020_first_names_by_sex
Alison,female,111220,446,110774,0.004010,0.995990,507,36.823969269222275,census_2020_first_names_by_sex
Autumn,female,110887,276,110611,0.002489,0.997511,508,36.713715881642237,census_2020_first_names_by_sex
Derrick,male,110568,110343,225,0.997965,0.002035,509,36.608097771618127,census_2020_first_names_by_sex
Matt,male,110480,110290,190,0.998280,0.001720,510,36.578961741266646,census_2020_first_names_by_sex
Carson,male,110436,103506,6930,0.937249,0.062751,511,36.564393726090913,census_2020_first_names_by_sex
Andre,male,110181,108582,1599,0.985488,0.014512,512,36.479965456322418,census_2020_first_names_by_sex
Don,male,109818,108576,1242,0.988690,0.011310,513,36.359779331122567,census_2020_first_names_by_sex
Gabriella,female,109553,180,109373,0.001643,0.998357,514,36.272040148814135,census_2020_first_names_by_sex
Tristan,male,109402,103575,5827,0.946738,0.053262,515,36.222045369461021,census_2020_first_names_by_sex
Eddie,male,109400,105701,3699,0.966188,0.033812,516,36.221383186953034,census_2020_first_names_by_sex
Cecilia,female,109389,192,109197,0.001755,0.998245,517,36.217741183159099,census_2020_first_names_by_sex
Norman,male,109382,108936,446,0.995923,0.004077,518,36.215423544381139,census_2020_first_names_by_sex
Clara,female,109248,162,109086,0.001483,0.998517,519,36.171057316345937,census_2020_first_names_by_sex
Grant,male,109200,108972,228,0.997912,0.002088,520,36.155164936154215,census_2020_first_names_by_sex
Brayden,male,109062,108103,959,0.991207,0.008793,521,36.109474343103031,census_2020_first_names_by_sex
Aidan,male,108843,106291,2552,0.976553,0.023447,522,36.036965358478326,census_2020_first_names_by_sex
Bryce,male,107825,104836,2989,0.972279,0.027721,523,35.69991446191235,census_2020_first_names_by_sex
Miriam,female,107719,214,107505,0.001987,0.998013,524,35.664818788988974,census_2020_first_names_by_sex
Ray,male,107593,105641,1952,0.981858,0.018142,525,35.623101290985723,census_2020_first_names_by_sex
Ben,male,107539,107147,392,0.996355,0.003645,526,35.605222363270038,census_2020_first_names_by_sex
Lorraine,female,107539,134,107405,0.001246,0.998754,526,35.605222363270038,census_2020_first_names_by_sex
Marco,male,106978,106725,253,0.997635,0.002365,528,35.419480169779355,census_2020_first_names_by_sex
Marlene,female,106957,136,106821,0.001272,0.998728,529,35.412527253445482,census_2020_first_names_by_sex
Spencer,male,106323,102390,3933,0.963009,0.036991,530,35.202615398413229,census_2020_first_names_by_sex
Tanya,female,105773,109,105664,0.001031,0.998969,531,35.020515208716482,census_2020_first_names_by_sex
Ronnie,male,105401,100005,5396,0.948805,0.051195,532,34.897349262230684,census_2020_first_names_by_sex
Charlie,neutral,104901,83356,21545,0.794616,0.205384,533,34.731803635233639,census_2020_first_names_by_sex
Joanna,female,104730,149,104581,0.001423,0.998577,534,34.67518703080065,census_2020_first_names_by_sex
Dolores,female,104660,1146,103514,0.010950,0.989050,535,34.652010643021065,census_2020_first_names_by_sex
Jeanne,female,104565,94,104471,0.000899,0.999101,536,34.620556973891631,census_2020_first_names_by_sex
Jessie,neutral,104536,45773,58763,0.437868,0.562132,537,34.610955327525801,census_2020_first_names_by_sex
Roberta,female,104467,302,104165,0.002891,0.997109,538,34.588110031000205,census_2020_first_names_by_sex
Maryann,female,104050,96,103954,0.000923,0.999077,539,34.450044978084669,census_2020_first_names_by_sex
Kylie,female,103241,406,102835,0.003933,0.996067,540,34.182192153603459,census_2020_first_names_by_sex
Darrell,male,103236,102809,427,0.995864,0.004136,541,34.180536697333487,census_2020_first_names_by_sex
Maya,female,103000,363,102637,0.003524,0.996476,542,34.102399161390878,census_2020_first_names_by_sex
Dakota,neutral,102684,72589,30095,0.706916,0.293084,543,33.997774325128752,census_2020_first_names_by_sex
Caitlin,female,102632,82,102550,0.000799,0.999201,544,33.980557579921062,census_2020_first_names_by_sex
Armando,male,102571,102382,189,0.998157,0.001843,545,33.960361013427416,census_2020_first_names_by_sex
Alma,female,102369,750,101619,0.007326,0.992674,546,33.893480580120617,census_2020_first_names_by_sex
Tommy,male,101695,100700,995,0.990216,0.009784,547,33.670325074928598,census_2020_first_names_by_sex
Olga,female,101653,189,101464,0.001859,0.998141,548,33.656419242260846,census_2020_first_names_by_sex
Tonya,female,100565,149,100416,0.001482,0.998518,549,33.296191957915283,census_2020_first_names_by_sex
Miranda,female,99796,202,99594,0.002024,0.997976,550,33.041582783593832,census_2020_first_names_by_sex
Sue,female,99611,649,98962,0.006515,0.993485,551,32.980330901604923,census_2020_first_names_by_sex
Nicolas,male,99604,99313,291,0.997078,0.002922,552,32.978013262826963,census_2020_first_names_by_sex
Jim,male,99345,98930,415,0.995823,0.004177,553,32.892260628042493,census_2020_first_names_by_sex
Brad,male,99078,98976,102,0.998971,0.001029,554,32.803859263226073,census_2020_first_names_by_sex
Juanita,female,98833,147,98686,0.001487,0.998513,555,32.722741905997523,census_2020_first_names_by_sex
Jeanette,female,98707,89,98618,0.000902,0.999098,556,32.681024407994272,census_2020_first_names_by_sex
Angelina,female,98695,173,98522,0.001753,0.998247,557,32.67705131294634,census_2020_first_names_by_sex
Jocelyn,female,98533,777,97756,0.007886,0.992114,558,32.623414529799298,census_2020_first_names_by_sex
Rick,male,98277,98118,159,0.998382,0.001618,559,32.538655168776813,census_2020_first_names_by_sex
Micah,neutral,97933,86609,11324,0.884370,0.115630,560,32.424759777402848,census_2020_first_names_by_sex
Marjorie,female,97802,114,97688,0.001166,0.998834,561,32.381386823129624,census_2020_first_names_by_sex
Charlene,female,97330,114,97216,0.001171,0.998829,562,32.225111751244413,census_2020_first_names_by_sex
Nina,female,96875,150,96725,0.001548,0.998452,563,32.074465230677099,census_2020_first_names_by_sex
Alberto,male,96609,96383,226,0.997661,0.002339,564,31.98639495711468,census_2020_first_names_by_sex
Brooklyn,female,96523,1327,95196,0.013748,0.986252,565,31.957921109271183,census_2020_first_names_by_sex
Louise,female,96368,1196,95172,0.012411,0.987589,566,31.906601964902102,census_2020_first_names_by_sex
Ariana,female,95572,186,95386,0.001946,0.998054,567,31.643053326722811,census_2020_first_names_by_sex
Josiah,male,95175,94735,440,0.995377,0.004623,568,31.511610098887157,census_2020_first_names_by_sex
Nolan,male,94520,94128,392,0.995853,0.004147,569,31.294745327521031,census_2020_first_names_by_sex
Margarita,female,93539,252,93287,0.002694,0.997306,570,30.969944807352835,census_2020_first_names_by_sex
Kara,female,93447,186,93261,0.001990,0.998010,571,30.939484411985376,census_2020_first_names_by_sex
Stella,female,93368,130,93238,0.001392,0.998608,572,30.913328202919846,census_2020_first_names_by_sex
Edith,female,92920,260,92660,0.002798,0.997202,573,30.764999321130492,census_2020_first_names_by_sex
Jerome,male,92865,92686,179,0.998072,0.001928,574,30.746789302160817,census_2020_first_names_by_sex
June,female,92671,1797,90874,0.019391,0.980609,575,30.682557598885968,census_2020_first_names_by_sex
Earl,male,92567,92326,241,0.997396,0.002604,576,30.648124108470579,census_2020_first_names_by_sex
Brandy,female,92449,1545,90904,0.016712,0.983288,577,30.609055340499282,census_2020_first_names_by_sex
Geraldine,female,92416,157,92259,0.001699,0.998301,578,30.598129329117477,census_2020_first_names_by_sex
Harper,female,92376,5172,87204,0.055989,0.944011,579,30.584885678957711,census_2020_first_names_by_sex
Alfred,male,92300,92143,157,0.998299,0.001701,580,30.559722743654163,census_2020_first_names_by_sex
Christy,female,91660,849,90811,0.009262,0.990738,581,30.347824341097944,census_2020_first_names_by_sex
Andy,male,91633,90123,1510,0.983521,0.016479,582,30.338884877240101,census_2020_first_names_by_sex
Loretta,female,91196,90,91106,0.000987,0.999013,583,30.19419799924469,census_2020_first_names_by_sex
Blanca,female,91179,195,90984,0.002139,0.997861,584,30.188569447926788,census_2020_first_names_by_sex
Clayton,male,91105,90877,228,0.997497,0.002503,585,30.164068695131228,census_2020_first_names_by_sex
Luz,female,90901,1050,89851,0.011551,0.988449,586,30.096526079316433,census_2020_first_names_by_sex
Mariah,female,90630,206,90424,0.002273,0.997727,587,30.006800349484035,census_2020_first_names_by_sex
Daisy,female,90387,196,90191,0.002168,0.997832,588,29.926345174763473,census_2020_first_names_by_sex
Katrina,female,90135,89,90046,0.000987,0.999013,589,29.842910178756966,census_2020_first_names_by_sex
Enrique,male,90043,89855,188,0.997912,0.002088,590,29.812449783389507,census_2020_first_names_by_sex
Alfredo,male,89731,89564,167,0.998139,0.001861,591,29.709149312143353,census_2020_first_names_by_sex
Constance,female,89619,137,89482,0.001529,0.998471,592,29.672067091696018,census_2020_first_names_by_sex
Meghan,female,89553,97,89456,0.001083,0.998917,593,29.650215068932404,census_2020_first_names_by_sex
Bethany,female,89509,92,89417,0.001028,0.998972,594,29.635647053756664,census_2020_first_names_by_sex
Natasha,female,89482,137,89345,0.001531,0.998469,595,29.626707589898821,census_2020_first_names_by_sex
Glenda,female,89345,115,89230,0.001287,0.998713,596,29.581348088101635,census_2020_first_names_by_sex
Juana,female,88951,417,88534,0.004688,0.995312,597,29.450898134027963,census_2020_first_names_by_sex
Whitney,female,88892,3397,85495,0.038215,0.961785,598,29.431363750042316,census_2020_first_names_by_sex
Cooper,male,88776,86831,1945,0.978091,0.021909,599,29.392957164579002,census_2020_first_names_by_sex
Natalia,female,88111,168,87943,0.001907,0.998093,600,29.172781480672935,census_2020_first_names_by_sex
Elias,male,88033,87649,384,0.995638,0.004362,601,29.146956362861392,census_2020_first_names_by_sex
Emmanuel,male,87988,87645,343,0.996102,0.003898,602,29.132057256431661,census_2020_first_names_by_sex
Priscilla,female,87905,95,87810,0.001081,0.998919,603,29.104576682350149,census_2020_first_names_by_sex
Darren,male,87892,87647,245,0.997212,0.002788,604,29.100272496048227,census_2020_first_names_by_sex
Preston,male,87761,87230,531,0.993949,0.006051,605,29.056899541775003,census_2020_first_names_by_sex
Makayla,female,87622,153,87469,0.001746,0.998254,606,29.010877857469822,census_2020_first_names_by_sex
Warren,male,87424,87186,238,0.997278,0.002722,607,28.945321789178998,census_2020_first_names_by_sex
Ariel,neutral,87270,25735,61535,0.294889,0.705111,608,28.894333736063906,census_2020_first_names_by_sex
Tanner,male,86959,84865,2094,0.975920,0.024080,609,28.791364356071746,census_2020_first_names_by_sex
Kate,female,86820,203,86617,0.002338,0.997662,610,28.745342671766565,census_2020_first_names_by_sex
Melody,female,86671,137,86534,0.001581,0.998419,611,28.696010074921446,census_2020_first_names_by_sex
Lance,male,86540,86375,165,0.998093,0.001907,612,28.652637120648222,census_2020_first_names_by_sex
Marsha,female,86245,118,86127,0.001368,0.998632,613,28.554965200719966,census_2020_first_names_by_sex
Sophie,female,86141,119,86022,0.001381,0.998619,614,28.520531710304581,census_2020_first_names_by_sex
Grayson,male,86122,82382,3740,0.956573,0.043427,615,28.514240976478693,census_2020_first_names_by_sex
Sierra,female,85582,210,85372,0.002454,0.997546,616,28.33545169932189,census_2020_first_names_by_sex
Brendan,male,85406,85122,284,0.996675,0.003325,617,28.277179638618929,census_2020_first_names_by_sex
Arlene,female,85381,130,85251,0.001523,0.998477,618,28.268902357269077,census_2020_first_names_by_sex
Gerardo,male,85111,84957,154,0.998191,0.001809,619,28.179507718690672,census_2020_first_names_by_sex
Layla,female,84915,117,84798,0.001378,0.998622,620,28.114613832907832,census_2020_first_names_by_sex
Brady,male,84835,83086,1749,0.979384,0.020616,621,28.088126532588305,census_2020_first_names_by_sex
Brandi,female,84737,187,84550,0.002207,0.997793,622,28.055679589696883,census_2020_first_names_by_sex
Kendra,female,84524,193,84331,0.002283,0.997717,623,27.985157152596145,census_2020_first_names_by_sex
Micheal,male,84520,83358,1162,0.986252,0.013748,624,27.983832787580166,census_2020_first_names_by_sex
Irma,female,84440,151,84289,0.001788,0.998212,625,27.957345487260639,census_2020_first_names_by_sex
Arturo,male,84408,84253,155,0.998164,0.001836,626,27.946750567132831,census_2020_first_names_by_sex
Vickie,female,84330,105,84225,0.001245,0.998755,627,27.920925449321288,census_2020_first_names_by_sex
Alexandria,female,84197,232,83965,0.002755,0.997245,628,27.876890312540077,census_2020_first_names_by_sex
Abraham,male,84024,83825,199,0.997632,0.002368,629,27.819611525599104,census_2020_first_names_by_sex
Jade,female,83708,4841,78867,0.057832,0.942168,630,27.714986689336971,census_2020_first_names_by_sex
Kerry,neutral,83556,38345,45211,0.458914,0.541086,631,27.664660818729867,census_2020_first_names_by_sex
Rene,neutral,83545,65098,18447,0.779197,0.220803,632,27.661018814935936,census_2020_first_names_by_sex
Tracey,female,83398,6297,77101,0.075505,0.924495,633,27.612348400598805,census_2020_first_names_by_sex
Maxwell,male,83285,82746,539,0.993528,0.006472,634,27.574935088897472,census_2020_first_names_by_sex
Leticia,female,83202,128,83074,0.001538,0.998462,635,27.547454514815964,census_2020_first_names_by_sex
Mildred,female,83139,151,82988,0.001816,0.998184,636,27.526595765814335,census_2020_first_names_by_sex
Jaden,neutral,83104,70518,12586,0.848551,0.151449,637,27.515007571924542,census_2020_first_names_by_sex
Kendall,neutral,83086,26747,56339,0.321919,0.678081,638,27.509047929352651,census_2020_first_names_by_sex
Clarence,male,82717,82429,288,0.996518,0.003482,639,27.38687525662883,census_2020_first_names_by_sex
Leonardo,male,82530,82330,200,0.997577,0.002423,640,27.324961192131937,census_2020_first_names_by_sex
Bernard,male,82518,82375,143,0.998267,0.001733,641,27.320988097084008,census_2020_first_names_by_sex
Ashton,neutral,82425,65183,17242,0.790816,0.209184,642,27.290196610462559,census_2020_first_names_by_sex
Madelyn,female,82365,132,82233,0.001603,0.998397,643,27.270331135222911,census_2020_first_names_by_sex
Gladys,female,81883,145,81738,0.001771,0.998229,644,27.110745150797761,census_2020_first_names_by_sex
Jan,neutral,81839,25968,55871,0.317306,0.682694,645,27.096177135622021,census_2020_first_names_by_sex
Penny,female,81497,210,81287,0.002577,0.997423,646,26.982943926756043,census_2020_first_names_by_sex
Cristina,female,81417,171,81246,0.002100,0.997900,647,26.956456626436516,census_2020_first_names_by_sex
Bridget,female,81356,97,81259,0.001192,0.998808,648,26.936260059942878,census_2020_first_names_by_sex
Zoey,female,81220,266,80954,0.003275,0.996725,649,26.891231649399682,census_2020_first_names_by_sex
Neil,male,81118,80919,199,0.997547,0.002453,650,26.857460341492288,census_2020_first_names_by_sex
Toni,female,81026,1779,79247,0.021956,0.978044,651,26.826999946124833,census_2020_first_names_by_sex
Leon,male,80997,80671,326,0.995975,0.004025,652,26.817398299759002,census_2020_first_names_by_sex
Carole,female,80915,73,80842,0.000902,0.999098,653,26.790248816931484,census_2020_first_names_by_sex
Santiago,male,80841,80547,294,0.996363,0.003637,654,26.765748064135927,census_2020_first_names_by_sex
Iris,female,80798,388,80410,0.004802,0.995198,655,26.751511140214181,census_2020_first_names_by_sex
Silvia,female,80787,155,80632,0.001919,0.998081,656,26.747869136420245,census_2020_first_names_by_sex
Pablo,male,80699,80526,173,0.997856,0.002144,657,26.718733106068765,census_2020_first_names_by_sex
Arianna,female,80594,115,80479,0.001427,0.998573,658,26.683968524399386,census_2020_first_names_by_sex
Felix,male,80554,79502,1052,0.986940,0.013060,659,26.670724874239625,census_2020_first_names_by_sex
Hazel,female,80463,578,79885,0.007183,0.992817,660,26.640595570126163,census_2020_first_names_by_sex
Salvador,male,80151,80006,145,0.998191,0.001809,661,26.537295098880008,census_2020_first_names_by_sex
Drew,male,80031,73127,6904,0.913733,0.086267,662,26.497564148400716,census_2020_first_names_by_sex
Briana,female,79981,165,79816,0.002063,0.997937,663,26.481009585701013,census_2020_first_names_by_sex
Dianne,female,79711,64,79647,0.000803,0.999197,664,26.391614947122608,census_2020_first_names_by_sex
Roman,male,79669,78766,903,0.988666,0.011334,665,26.377709114454852,census_2020_first_names_by_sex
Marion,neutral,79603,23464,56139,0.294763,0.705237,666,26.355857091691249,census_2020_first_names_by_sex
Daniela,female,78946,267,78679,0.003382,0.996618,667,26.138330137817128,census_2020_first_names_by_sex
Clifford,male,78907,78713,194,0.997541,0.002459,668,26.12541757891136,census_2020_first_names_by_sex
Devon,neutral,78789,60541,18248,0.768394,0.231606,669,26.086348810940063,census_2020_first_names_by_sex
Jillian,female,78761,183,78578,0.002323,0.997677,670,26.077078255828223,census_2020_first_names_by_sex
Karina,female,78579,136,78443,0.001731,0.998269,671,26.016819647601299,census_2020_first_names_by_sex
Damian,male,78536,78204,332,0.995773,0.004227,672,26.002582723679556,census_2020_first_names_by_sex
Alejandra,female,78499,425,78074,0.005414,0.994586,673,25.990332347281772,census_2020_first_names_by_sex
Gordon,male,78487,78334,153,0.998051,0.001949,674,25.986359252233846,census_2020_first_names_by_sex
Erick,male,78395,78106,289,0.996314,0.003686,675,25.955898856866391,census_2020_first_names_by_sex
Nelson,male,78256,77934,322,0.995885,0.004115,676,25.90987717256121,census_2020_first_names_by_sex
Felicia,female,78101,95,78006,0.001216,0.998784,677,25.858558028192128,census_2020_first_names_by_sex
Johnathan,male,78090,77930,160,0.997951,0.002049,678,25.854916024398193,census_2020_first_names_by_sex
Franklin,male,78051,77798,253,0.996759,0.003241,679,25.842003465492425,census_2020_first_names_by_sex
Bill,male,77823,77523,300,0.996145,0.003855,680,25.766514659581777,census_2020_first_names_by_sex
Miles,male,77427,77040,387,0.995002,0.004998,681,25.635402523000117,census_2020_first_names_by_sex
Skylar,neutral,77387,15359,62028,0.198470,0.801530,682,25.622158872840355,census_2020_first_names_by_sex
Kennedy,female,77115,6742,70373,0.087428,0.912572,683,25.532102051753956,census_2020_first_names_by_sex
Kay,female,77013,2343,74670,0.030423,0.969577,684,25.498330743846566,census_2020_first_names_by_sex
Kristine,female,76927,55,76872,0.000715,0.999285,685,25.469856896003069,census_2020_first_names_by_sex
Georgia,female,76256,152,76104,0.001993,0.998007,686,25.247694664573039,census_2020_first_names_by_sex
Jaxon,male,76200,75845,355,0.995341,0.004659,687,25.22915355434937,census_2020_first_names_by_sex
Hope,female,75724,411,75313,0.005428,0.994572,688,25.071554117448184,census_2020_first_names_by_sex
Sandy,female,75709,6555,69154,0.086582,0.913418,689,25.066587748638273,census_2020_first_names_by_sex
Shelly,female,75244,917,74327,0.012187,0.987813,690,24.912630315531022,census_2020_first_names_by_sex
Sadie,female,75243,134,75109,0.001781,0.998219,691,24.912299224277032,census_2020_first_names_by_sex
Rachael,female,75096,97,74999,0.001292,0.998708,692,24.8636288099399,census_2020_first_names_by_sex
Kurt,male,74867,74815,52,0.999305,0.000695,693,24.787808912775255,census_2020_first_names_by_sex
Gwendolyn,female,74571,103,74468,0.001381,0.998619,694,24.689805901593004,census_2020_first_names_by_sex
Liliana,female,74435,94,74341,0.001263,0.998737,695,24.644777491049808,census_2020_first_names_by_sex
Isabelle,female,74125,97,74028,0.001309,0.998691,696,24.542139202311638,census_2020_first_names_by_sex
Ron,male,74027,73782,245,0.996690,0.003310,697,24.50969225942022,census_2020_first_names_by_sex
Gustavo,male,73690,73545,145,0.998032,0.001968,698,24.398114506824214,census_2020_first_names_by_sex
Candace,female,73527,66,73461,0.000898,0.999102,699,24.344146632423179,census_2020_first_names_by_sex
Karl,male,73518,73302,216,0.997062,0.002938,700,24.341166811137231,census_2020_first_names_by_sex
Alvin,male,72962,72755,207,0.997163,0.002837,701,24.157080073916518,census_2020_first_names_by_sex
Glen,male,72858,72412,446,0.993879,0.006121,702,24.122646583501133,census_2020_first_names_by_sex
Marina,female,72807,144,72663,0.001978,0.998022,703,24.105760929547436,census_2020_first_names_by_sex
Collin,male,72614,72114,500,0.993114,0.006886,704,24.041860317526577,census_2020_first_names_by_sex
Maggie,female,72613,159,72454,0.002190,0.997810,705,24.041529226272583,census_2020_first_names_by_sex
Jody,neutral,72569,23672,48897,0.326200,0.673800,706,24.026961211096847,census_2020_first_names_by_sex
Camila,female,72537,196,72341,0.002702,0.997298,707,24.016366290969032,census_2020_first_names_by_sex
Violet,female,72518,104,72414,0.001434,0.998566,708,24.010075557143146,census_2020_first_names_by_sex
Abby,female,72431,375,72056,0.005177,0.994823,709,23.981270618045659,census_2020_first_names_by_sex
Bianca,female,72256,125,72131,0.001730,0.998270,710,23.923329648596695,census_2020_first_names_by_sex
Israel,male,72115,70999,1116,0.984525,0.015475,711,23.876645781783527,census_2020_first_names_by_sex
Duane,male,71865,71491,374,0.994796,0.005204,712,23.793872968285008,census_2020_first_names_by_sex
Payton,neutral,71786,21484,50302,0.299278,0.700722,713,23.767716759219475,census_2020_first_names_by_sex
Mathew,male,71761,71605,156,0.997826,0.002174,714,23.75943947786962,census_2020_first_names_by_sex
Jodi,female,71748,741,71007,0.010328,0.989672,715,23.755135291567697,census_2020_first_names_by_sex
Lucia,female,71628,195,71433,0.002722,0.997278,716,23.715404341088409,census_2020_first_names_by_sex
Herbert,male,71489,71373,116,0.998377,0.001623,717,23.669382656783231,census_2020_first_names_by_sex
Maurice,male,71289,70568,721,0.989886,0.010114,718,23.603164405984412,census_2020_first_names_by_sex
Monique,female,71263,152,71111,0.002133,0.997867,719,23.594556033380567,census_2020_first_names_by_sex
Marcos,male,71178,70916,262,0.996319,0.003681,720,23.566413276791071,census_2020_first_names_by_sex
Angie,female,70858,222,70636,0.003133,0.996867,721,23.460464075512959,census_2020_first_names_by_sex
Sherri,female,70746,43,70703,0.000608,0.999392,722,23.423381855065625,census_2020_first_names_by_sex
Summer,female,70693,212,70481,0.002999,0.997001,723,23.405834018603937,census_2020_first_names_by_sex
Ellie,female,70661,497,70164,0.007034,0.992966,724,23.395239098476129,census_2020_first_names_by_sex
Pauline,female,70447,113,70334,0.001604,0.998396,725,23.324385570121393,census_2020_first_names_by_sex
Misty,female,70424,74,70350,0.001051,0.998949,726,23.316770471279529,census_2020_first_names_by_sex
Trinity,female,70213,2092,68121,0.029795,0.970205,727,23.246910216686778,census_2020_first_names_by_sex
Desiree,female,69937,94,69843,0.001344,0.998656,728,23.155529030584407,census_2020_first_names_by_sex
Sheryl,female,69911,102,69809,0.001459,0.998541,729,23.146920657980562,census_2020_first_names_by_sex
Allan,male,69671,69523,148,0.997876,0.002124,730,23.067458757021981,census_2020_first_names_by_sex
Raquel,female,69611,344,69267,0.004942,0.995058,731,23.047593281782337,census_2020_first_names_by_sex
Kristi,female,69585,180,69405,0.002587,0.997413,732,23.038984909178488,census_2020_first_names_by_sex
Ken,male,69582,69073,509,0.992685,0.007315,733,23.037991635416507,census_2020_first_names_by_sex
Brittney,female,69444,125,69319,0.001800,0.998200,734,22.992301042365323,census_2020_first_names_by_sex
Ali,neutral,69302,55928,13374,0.807019,0.192981,735,22.945286084298164,census_2020_first_names_by_sex
Carolina,female,69296,133,69163,0.001919,0.998081,736,22.943299536774198,census_2020_first_names_by_sex
Aaliyah,female,69241,128,69113,0.001849,0.998151,737,22.925089517804526,census_2020_first_names_by_sex
Meredith,female,69215,1533,67682,0.022148,0.977852,738,22.916481145200677,census_2020_first_names_by_sex
Edna,female,68962,105,68857,0.001523,0.998477,739,22.832715057940174,census_2020_first_names_by_sex
Reginald,male,68879,68712,167,0.997575,0.002425,740,22.805234483858666,census_2020_first_names_by_sex
Dalton,male,68878,68493,385,0.994410,0.005590,741,22.804903392604672,census_2020_first_names_by_sex
Gilbert,male,68862,68707,155,0.997749,0.002251,742,22.799605932540764,census_2020_first_names_by_sex
Cristian,male,68806,67297,1509,0.978069,0.021931,743,22.781064822317099,census_2020_first_names_by_sex
Simon,male,68780,68343,437,0.993646,0.006354,744,22.77245644971325,census_2020_first_names_by_sex
Kaleb,male,68291,68035,256,0.996251,0.003749,745,22.610552826510144,census_2020_first_names_by_sex
Becky,female,68256,72,68184,0.001055,0.998945,746,22.598964632620351,census_2020_first_names_by_sex
Ernesto,male,68243,68131,112,0.998359,0.001641,747,22.594660446318425,census_2020_first_names_by_sex
Breanna,female,68070,75,67995,0.001102,0.998898,748,22.537381659377449,census_2020_first_names_by_sex
Dave,male,67929,67743,186,0.997262,0.002738,749,22.490697792564283,census_2020_first_names_by_sex
Leroy,male,67707,67604,103,0.998479,0.001521,750,22.417195534177598,census_2020_first_names_by_sex
Harrison,male,67132,66779,353,0.994742,0.005258,751,22.226818063130999,census_2020_first_names_by_sex
Brody,male,67093,66788,305,0.995454,0.004546,752,22.213905504225227,census_2020_first_names_by_sex
Aurora,female,66923,133,66790,0.001987,0.998013,753,22.157619991046232,census_2020_first_names_by_sex
Krista,female,66762,57,66705,0.000854,0.999146,754,22.104314299153184,census_2020_first_names_by_sex
Bella,female,66739,181,66558,0.002712,0.997288,755,22.096699200311321,census_2020_first_names_by_sex
Kelli,female,66659,162,66497,0.002430,0.997570,756,22.070211899991794,census_2020_first_names_by_sex
Lorenzo,male,66587,66401,186,0.997207,0.002793,757,22.04637332970422,census_2020_first_names_by_sex
Quinn,neutral,66536,31577,34959,0.474585,0.525415,758,22.029487675750524,census_2020_first_names_by_sex
Giovanni,male,66480,65746,734,0.988959,0.011041,759,22.010946565526854,census_2020_first_names_by_sex
Rebekah,female,66474,63,66411,0.000948,0.999052,760,22.008960018002888,census_2020_first_names_by_sex
Lincoln,male,66384,65058,1326,0.980025,0.019975,761,21.97916180514342,census_2020_first_names_by_sex
Juliana,female,65978,138,65840,0.002092,0.997908,762,21.844738756021822,census_2020_first_names_by_sex
Penelope,female,65806,64,65742,0.000973,0.999027,763,21.78779106033484,census_2020_first_names_by_sex
Mayra,female,65662,127,65535,0.001934,0.998066,764,21.74011391975969,census_2020_first_names_by_sex
Ayden,male,65628,63483,2145,0.967316,0.032684,765,21.728856817123891,census_2020_first_names_by_sex
Darryl,male,65344,64777,567,0.991323,0.008677,766,21.63482690098957,census_2020_first_names_by_sex
Hudson,male,65102,63802,1300,0.980031,0.019969,767,21.554702817523001,census_2020_first_names_by_sex
Jace,male,64943,64055,888,0.986326,0.013674,768,21.502059308137945,census_2020_first_names_by_sex
Scarlett,female,64822,100,64722,0.001543,0.998457,769,21.461997266404659,census_2020_first_names_by_sex
Lynda,female,64728,37,64691,0.000572,0.999428,770,21.430874688529212,census_2020_first_names_by_sex
Gene,male,64474,61917,2557,0.960341,0.039659,771,21.346777510014714,census_2020_first_names_by_sex
Bertha,female,64455,136,64319,0.002110,0.997890,772,21.340486776188826,census_2020_first_names_by_sex
Shaun,male,64418,61744,2674,0.958490,0.041510,773,21.328236399791049,census_2020_first_names_by_sex
Shelley,female,64253,720,63533,0.011206,0.988794,774,21.273606342882022,census_2020_first_names_by_sex
Gianna,female,64221,118,64103,0.001837,0.998163,775,21.263011422754211,census_2020_first_names_by_sex
Abel,male,63705,63422,283,0.995558,0.004442,776,21.092168335693263,census_2020_first_names_by_sex
Valeria,female,63605,136,63469,0.002138,0.997862,777,21.059059210293853,census_2020_first_names_by_sex
Jonah,male,63551,62767,784,0.987663,0.012337,778,21.041180282578175,census_2020_first_names_by_sex
Kristy,female,63534,73,63461,0.001149,0.998851,779,21.035551731260274,census_2020_first_names_by_sex
Lewis,male,63422,63105,317,0.995002,0.004998,780,20.998469510812935,census_2020_first_names_by_sex
Lloyd,male,63231,63025,206,0.996742,0.003258,781,20.935231081300067,census_2020_first_names_by_sex
Mateo,male,63143,62953,190,0.996991,0.003009,782,20.906095050948586,census_2020_first_names_by_sex
Mercedes,female,62850,674,62176,0.010724,0.989276,783,20.809085313528321,census_2020_first_names_by_sex
Genesis,female,62795,2203,60592,0.035082,0.964918,784,20.790875294558646,census_2020_first_names_by_sex
Krystal,female,62788,69,62719,0.001099,0.998901,785,20.788557655780686,census_2020_first_names_by_sex
Ramona,female,62766,146,62620,0.002326,0.997674,786,20.781273648192816,census_2020_first_names_by_sex
Dominique,neutral,62492,18085,44407,0.289397,0.710603,787,20.690554644598436,census_2020_first_names_by_sex
Belinda,female,62433,72,62361,0.001153,0.998847,788,20.671020260612789,census_2020_first_names_by_sex
Carly,female,62430,247,62183,0.003956,0.996044,789,20.670026986850804,census_2020_first_names_by_sex
Camille,female,62246,903,61343,0.014507,0.985493,790,20.609106196115892,census_2020_first_names_by_sex
Florence,female,62185,217,61968,0.003490,0.996510,791,20.58890962962225,census_2020_first_names_by_sex
Patsy,female,62123,1027,61096,0.016532,0.983468,792,20.568381971874619,census_2020_first_names_by_sex
Lorena,female,61919,94,61825,0.001518,0.998482,793,20.500839356059828,census_2020_first_names_by_sex
Guillermo,male,61844,61713,131,0.997882,0.002118,794,20.47600751201027,census_2020_first_names_by_sex
Noel,neutral,61698,48936,12762,0.793154,0.206846,795,20.427668188927132,census_2020_first_names_by_sex
Dora,female,61606,174,61432,0.002824,0.997176,796,20.397207793559677,census_2020_first_names_by_sex
Marian,female,61582,2562,59020,0.041603,0.958397,797,20.389261603463819,census_2020_first_names_by_sex
Asher,male,61307,60268,1039,0.983053,0.016947,798,20.298211508615445,census_2020_first_names_by_sex
Elise,female,61120,214,60906,0.003501,0.996499,799,20.236297444118549,census_2020_first_names_by_sex
Jacquelyn,female,60916,53,60863,0.000870,0.999130,800,20.168754828303758,census_2020_first_names_by_sex
Delores,female,60887,135,60752,0.002217,0.997783,801,20.159153181937928,census_2020_first_names_by_sex
Josue,male,60561,60322,239,0.996054,0.003946,802,20.051217433135857,census_2020_first_names_by_sex
Nevaeh,female,60298,317,59981,0.005257,0.994743,803,19.964140433335412,census_2020_first_names_by_sex
Candice,female,59920,42,59878,0.000701,0.999299,804,19.838987939325648,census_2020_first_names_by_sex
Cheyenne,female,59831,1942,57889,0.032458,0.967542,805,19.809520817720173,census_2020_first_names_by_sex
Caden,male,59387,58509,878,0.985216,0.014784,806,19.662516300946798,census_2020_first_names_by_sex
Ross,male,59341,58765,576,0.990293,0.009707,807,19.64728610326307,census_2020_first_names_by_sex
Hugo,male,59062,58968,94,0.998408,0.001592,808,19.554911643398722,census_2020_first_names_by_sex
Cora,female,58912,119,58793,0.002020,0.997980,809,19.505247955299609,census_2020_first_names_by_sex
Lucille,female,58884,90,58794,0.001528,0.998472,810,19.495977400187773,census_2020_first_names_by_sex
Reagan,neutral,58855,6638,52217,0.112786,0.887214,811,19.486375753821946,census_2020_first_names_by_sex
Bryson,male,58590,58272,318,0.994572,0.005428,812,19.398636571513514,census_2020_first_names_by_sex
Felipe,male,58515,58330,185,0.996838,0.003162,813,19.373804727463956,census_2020_first_names_by_sex
Kaden,male,58483,57346,1137,0.980558,0.019442,814,19.363209807336144,census_2020_first_names_by_sex
Beatrice,female,58355,92,58263,0.001577,0.998423,815,19.320830126824902,census_2020_first_names_by_sex
Everett,male,58340,57777,563,0.990350,0.009650,816,19.315863758014991,census_2020_first_names_by_sex
Robyn,female,58115,908,57207,0.015624,0.984376,817,19.241368225866321,census_2020_first_names_by_sex
Byron,male,57834,57740,94,0.998375,0.001625,819,19.148331583493981,census_2020_first_names_by_sex
Dillon,male,57539,56802,737,0.987191,0.012809,820,19.050659663565728,census_2020_first_names_by_sex
Marshall,male,57529,56832,697,0.987884,0.012116,821,19.047348751025787,census_2020_first_names_by_sex
Jada,female,57490,335,57155,0.005827,0.994173,822,19.034436192120019,census_2020_first_names_by_sex
Joey,neutral,57447,51153,6294,0.890438,0.109562,823,19.020199268198272,census_2020_first_names_by_sex
Marianne,female,57194,40,57154,0.000699,0.999301,824,18.936433180937769,census_2020_first_names_by_sex
Orlando,male,57035,56874,161,0.997177,0.002823,825,18.883789671552709,census_2020_first_names_by_sex
Mckenzie,female,56889,1795,55094,0.031553,0.968447,826,18.835450348469571,census_2020_first_names_by_sex
Sonya,female,56885,74,56811,0.001301,0.998699,827,18.834125983453596,census_2020_first_names_by_sex
Vernon,male,56780,56493,287,0.994945,0.005055,828,18.799361401784218,census_2020_first_names_by_sex
Adrienne,female,56597,347,56250,0.006131,0.993869,829,18.738771702303296,census_2020_first_names_by_sex
Gracie,female,56345,117,56228,0.002076,0.997924,830,18.65533670629679,census_2020_first_names_by_sex
Sawyer,neutral,56257,45532,10725,0.809357,0.190643,831,18.626200675945309,census_2020_first_names_by_sex
Mariana,female,56200,167,56033,0.002972,0.997028,832,18.607328474467646,census_2020_first_names_by_sex
Skyler,neutral,56083,33814,22269,0.602928,0.397072,833,18.568590797750339,census_2020_first_names_by_sex
Nadia,female,56039,87,55952,0.001552,0.998448,834,18.554022782574599,census_2020_first_names_by_sex
Vera,female,55795,130,55665,0.002330,0.997670,835,18.473236516600043,census_2020_first_names_by_sex
Dwayne,male,55729,55602,127,0.997721,0.002279,836,18.451384493836432,census_2020_first_names_by_sex
Billie,neutral,55679,8123,47556,0.145890,0.854110,837,18.434829931136729,census_2020_first_names_by_sex
Cassidy,female,55593,2881,52712,0.051823,0.948177,838,18.406356083293236,census_2020_first_names_by_sex
Angelo,male,55360,54849,511,0.990770,0.009230,839,18.329211821112612,census_2020_first_names_by_sex
Kirk,male,55261,55172,89,0.998389,0.001611,840,18.296433786967199,census_2020_first_names_by_sex
Nichole,female,55220,126,55094,0.002282,0.997718,841,18.28285904555344,census_2020_first_names_by_sex
Kari,female,55005,687,54318,0.012490,0.987510,842,18.211674425944715,census_2020_first_names_by_sex
Clinton,male,54834,54739,95,0.998267,0.001733,843,18.155057821511726,census_2020_first_names_by_sex
Hilda,female,54736,98,54638,0.001790,0.998210,844,18.122610878620304,census_2020_first_names_by_sex
Bobbie,neutral,54717,5875,48842,0.107371,0.892629,845,18.116320144794415,census_2020_first_names_by_sex
Lilly,female,54556,118,54438,0.002163,0.997837,846,18.063014452901367,census_2020_first_names_by_sex
Lynne,female,54525,215,54310,0.003943,0.996057,847,18.052750624027553,census_2020_first_names_by_sex
Alana,female,54144,87,54057,0.001607,0.998393,848,17.926604856255807,census_2020_first_names_by_sex
Guy,male,54143,54003,140,0.997414,0.002586,849,17.92627376500181,census_2020_first_names_by_sex
Kent,male,54012,53873,139,0.997426,0.002574,850,17.882900810728586,census_2020_first_names_by_sex
Marta,female,53965,147,53818,0.002724,0.997276,851,17.867339521790864,census_2020_first_names_by_sex
Sidney,neutral,53874,33307,20567,0.618239,0.381761,852,17.837210217677402,census_2020_first_names_by_sex
Thelma,female,53801,99,53702,0.001840,0.998160,853,17.813040556135835,census_2020_first_names_by_sex
Dallas,neutral,53582,43204,10378,0.806316,0.193684,854,17.740531571511127,census_2020_first_names_by_sex
Yvette,female,53499,81,53418,0.001514,0.998486,855,17.713050997429619,census_2020_first_names_by_sex
Aria,female,53360,869,52491,0.016286,0.983714,856,17.667029313124441,census_2020_first_names_by_sex
Gage,male,53248,52980,268,0.994967,0.005033,857,17.629947092677103,census_2020_first_names_by_sex
Kai,neutral,53204,45935,7269,0.863375,0.136625,858,17.615379077501363,census_2020_first_names_by_sex
Rylee,female,53194,4237,48957,0.079652,0.920348,859,17.612068164961425,census_2020_first_names_by_sex
Ezra,male,52906,50305,2601,0.950837,0.049163,860,17.516713883811125,census_2020_first_names_by_sex
Fatima,female,52703,149,52554,0.002827,0.997173,861,17.449502359250328,census_2020_first_names_by_sex
Easton,male,52590,51827,763,0.985492,0.014508,862,17.412089047548996,census_2020_first_names_by_sex
Jonathon,male,52576,52506,70,0.998669,0.001331,863,17.407453769993079,census_2020_first_names_by_sex
Roxanne,female,52496,42,52454,0.000800,0.999200,864,17.380966469673552,census_2020_first_names_by_sex
Jordyn,female,52485,3971,48514,0.075660,0.924340,865,17.377324465879617,census_2020_first_names_by_sex
Sheri,female,52459,45,52414,0.000858,0.999142,866,17.368716093275768,census_2020_first_names_by_sex
Elisa,female,52348,279,52069,0.005330,0.994670,867,17.331964964082427,census_2020_first_names_by_sex
Mallory,female,52306,712,51594,0.013612,0.986388,868,17.318059131414675,census_2020_first_names_by_sex
Stuart,male,52140,51887,253,0.995148,0.004852,869,17.263097983251654,census_2020_first_names_by_sex
Milton,male,51890,51784,106,0.997957,0.002043,870,17.180325169753136,census_2020_first_names_by_sex
Saul,male,51866,51745,121,0.997667,0.002333,871,17.172378979657278,census_2020_first_names_by_sex
Maribel,female,51831,94,51737,0.001814,0.998186,872,17.160790785767482,census_2020_first_names_by_sex
Mohammad,male,51757,51668,89,0.998280,0.001720,873,17.136290032971921,census_2020_first_names_by_sex
Roland,male,51667,51536,131,0.997465,0.002535,874,17.106491820112453,census_2020_first_names_by_sex
Kenny,male,51666,50635,1031,0.980045,0.019955,875,17.106160728858459,census_2020_first_names_by_sex
Gayle,female,51625,2218,49407,0.042964,0.957036,876,17.092585987444703,census_2020_first_names_by_sex
Terrence,male,51590,51383,207,0.995988,0.004012,877,17.080997793554911,census_2020_first_names_by_sex
Kayden,neutral,51575,44722,6853,0.867126,0.132874,878,17.076031424744997,census_2020_first_names_by_sex
Kaitlin,female,51533,52,51481,0.001009,0.998991,879,17.062125592077244,census_2020_first_names_by_sex
Lonnie,male,51396,48047,3349,0.934839,0.065161,880,17.016766090280058,census_2020_first_names_by_sex
Ismael,male,51341,51166,175,0.996591,0.003409,881,16.998556071310382,census_2020_first_names_by_sex
Conner,male,51296,50509,787,0.984658,0.015342,882,16.983656964880648,census_2020_first_names_by_sex
Lena,female,51228,87,51141,0.001698,0.998302,883,16.96114275960905,census_2020_first_names_by_sex
Genevieve,female,51136,61,51075,0.001193,0.998807,884,16.930682364241594,census_2020_first_names_by_sex
Celeste,female,51111,132,50979,0.002583,0.997417,885,16.922405082891743,census_2020_first_names_by_sex
Bob,male,51102,50481,621,0.987848,0.012152,886,16.919425261605795,census_2020_first_names_by_sex
Terrance,male,51100,50755,345,0.993249,0.006751,887,16.918763079097808,census_2020_first_names_by_sex
Rosemarie,female,51041,40,51001,0.000784,0.999216,888,16.899228695112157,census_2020_first_names_by_sex
Mya,female,51028,279,50749,0.005468,0.994532,889,16.894924508810231,census_2020_first_names_by_sex
Daryl,male,50922,47436,3486,0.931542,0.068458,890,16.859828835886859,census_2020_first_names_by_sex
Rodolfo,male,50870,50792,78,0.998467,0.001533,891,16.842612090679165,census_2020_first_names_by_sex
Esmeralda,female,50748,128,50620,0.002522,0.997478,892,16.802218957691888,census_2020_first_names_by_sex
Wade,male,50704,50549,155,0.996943,0.003057,893,16.787650942516148,census_2020_first_names_by_sex
Tyrone,male,50642,50502,140,0.997235,0.002765,894,16.767123284768516,census_2020_first_names_by_sex
Kirsten,female,50529,228,50301,0.004512,0.995488,895,16.729709973067184,census_2020_first_names_by_sex
Doug,male,50315,50246,69,0.998629,0.001371,896,16.658856444712448,census_2020_first_names_by_sex
Tabitha,female,50189,67,50122,0.001335,0.998665,897,16.617138946709193,census_2020_first_names_by_sex
Elsa,female,50134,114,50020,0.002274,0.997726,898,16.598928927739518,census_2020_first_names_by_sex
Ivy,female,50093,1218,48875,0.024315,0.975685,899,16.585354186325763,census_2020_first_names_by_sex
Damon,male,50023,49887,136,0.997281,0.002719,900,16.562177798546173,census_2020_first_names_by_sex
Beatriz,female,49937,90,49847,0.001802,0.998198,901,16.533703950702684,census_2020_first_names_by_sex
Vicky,female,49818,402,49416,0.008069,0.991931,902,16.494304091477389,census_2020_first_names_by_sex
Donovan,male,49795,49558,237,0.995240,0.004760,903,16.486688992635525,census_2020_first_names_by_sex
Yesenia,female,49764,102,49662,0.002050,0.997950,904,16.476425163761707,census_2020_first_names_by_sex
Johanna,female,49738,96,49642,0.001930,0.998070,905,16.467816791157858,census_2020_first_names_by_sex
Celia,female,49709,89,49620,0.001790,0.998210,906,16.458215144792032,census_2020_first_names_by_sex
Alisha,female,49566,110,49456,0.002219,0.997781,907,16.410869095470879,census_2020_first_names_by_sex
Colby,male,49553,45954,3599,0.927371,0.072629,908,16.406564909168953,census_2020_first_names_by_sex
Marisol,female,49544,133,49411,0.002684,0.997316,909,16.403585087883009,census_2020_first_names_by_sex
Valentina,female,49540,127,49413,0.002564,0.997436,910,16.40226072286703,census_2020_first_names_by_sex
Alec,male,49538,49116,422,0.991481,0.008519,911,16.401598540359043,census_2020_first_names_by_sex
Damien,male,49449,49235,214,0.995672,0.004328,912,16.372131418753568,census_2020_first_names_by_sex
Alfonso,male,49412,49304,108,0.997814,0.002186,913,16.359881042355788,census_2020_first_names_by_sex
Wilma,female,49398,228,49170,0.004616,0.995384,914,16.355245764799871,census_2020_first_names_by_sex
Aimee,female,49383,38,49345,0.000769,0.999231,915,16.350279395989961,census_2020_first_names_by_sex
Dwight,male,49320,49236,84,0.998297,0.001703,916,16.329420646988332,census_2020_first_names_by_sex
Ted,male,49170,49076,94,0.998088,0.001912,917,16.279756958889219,census_2020_first_names_by_sex
Janelle,female,48979,96,48883,0.001960,0.998040,918,16.216518529376348,census_2020_first_names_by_sex
Reese,neutral,48829,14904,33925,0.305228,0.694772,919,16.166854841277239,census_2020_first_names_by_sex
Harvey,male,48796,48526,270,0.994467,0.005533,920,16.155928829895434,census_2020_first_names_by_sex
Marisa,female,48703,57,48646,0.001170,0.998830,921,16.12513734327398,census_2020_first_names_by_sex
Mikayla,female,48659,90,48569,0.001850,0.998150,922,16.11056932809824,census_2020_first_names_by_sex
Lana,female,48612,83,48529,0.001707,0.998293,923,16.095008039160518,census_2020_first_names_by_sex
Floyd,male,48533,48374,159,0.996724,0.003276,924,16.068851830094989,census_2020_first_names_by_sex
Michaela,female,48489,143,48346,0.002949,0.997051,925,16.054283814919248,census_2020_first_names_by_sex
Antonia,female,48453,1457,46996,0.030070,0.969930,926,16.042364529775462,census_2020_first_names_by_sex
Cara,female,48443,93,48350,0.001920,0.998080,927,16.039053617235517,census_2020_first_names_by_sex
Caitlyn,female,48237,55,48182,0.001140,0.998860,928,15.970848818912739,census_2020_first_names_by_sex
Bernice,female,48083,489,47594,0.010170,0.989830,929,15.919860765797647,census_2020_first_names_by_sex
Mohammed,male,48042,47953,89,0.998147,0.001853,930,15.90628602438389,census_2020_first_names_by_sex
Serenity,female,47964,85,47879,0.001772,0.998228,931,15.880460906572353,census_2020_first_names_by_sex
Trent,male,47904,47793,111,0.997683,0.002317,932,15.860595431332706,census_2020_first_names_by_sex
Annabelle,female,47696,69,47627,0.001447,0.998553,933,15.791728450501939,census_2020_first_names_by_sex
Clyde,male,47655,47279,376,0.992110,0.007890,934,15.77815370908818,census_2020_first_names_by_sex
Emilia,female,47586,120,47466,0.002522,0.997478,935,15.755308412562588,census_2020_first_names_by_sex
Lester,male,47571,47342,229,0.995186,0.004814,936,15.750342043752676,census_2020_first_names_by_sex
Mila,female,47530,216,47314,0.004544,0.995456,937,15.736767302338919,census_2020_first_names_by_sex
Dianna,female,47528,49,47479,0.001031,0.998969,938,15.736105119830931,census_2020_first_names_by_sex
Johnnie,neutral,47521,31691,15830,0.666884,0.333116,939,15.733787481052973,census_2020_first_names_by_sex
Arnold,male,47513,47416,97,0.997958,0.002042,940,15.731138751021019,census_2020_first_names_by_sex
Tessa,female,47455,45,47410,0.000948,0.999052,941,15.711935458289362,census_2020_first_names_by_sex
Jimmie,neutral,47100,39790,7310,0.844798,0.155202,943,15.594398063121462,census_2020_first_names_by_sex
Camden,male,47078,44000,3078,0.934619,0.065381,944,15.587114055533592,census_2020_first_names_by_sex
Tatiana,female,47073,60,47013,0.001275,0.998725,945,15.585458599263623,census_2020_first_names_by_sex
Hayley,female,47063,54,47009,0.001147,0.998853,946,15.58214768672368,census_2020_first_names_by_sex
Piper,female,46877,280,46597,0.005973,0.994027,947,15.520564713480779,census_2020_first_names_by_sex
Perry,male,46765,44460,2305,0.950711,0.049289,948,15.483482493033442,census_2020_first_names_by_sex
Susana,female,46458,67,46391,0.001442,0.998558,949,15.381837478057259,census_2020_first_names_by_sex
Lourdes,female,46439,154,46285,0.003316,0.996684,950,15.375546744231372,census_2020_first_names_by_sex
Josie,female,46382,549,45833,0.011836,0.988164,951,15.356674542753709,census_2020_first_names_by_sex
Trenton,male,46322,46222,100,0.997841,0.002159,952,15.336809067514062,census_2020_first_names_by_sex
Emilio,male,46295,46167,128,0.997235,0.002765,953,15.327869603656223,census_2020_first_names_by_sex
Mohamed,male,46254,46149,105,0.997730,0.002270,954,15.314294862242464,census_2020_first_names_by_sex
Antoinette,female,46137,56,46081,0.001214,0.998786,955,15.275557185525157,census_2020_first_names_by_sex
Braxton,male,46070,45379,691,0.985001,0.014999,956,15.253374071507555,census_2020_first_names_by_sex
Lacey,female,46058,655,45403,0.014221,0.985779,957,15.249400976459622,census_2020_first_names_by_sex
Traci,female,46048,153,45895,0.003323,0.996677,958,15.246090063919684,census_2020_first_names_by_sex
Allyson,female,45707,103,45604,0.002253,0.997747,959,15.1331879463077,census_2020_first_names_by_sex
Elliot,neutral,45706,40588,5118,0.888023,0.111977,960,15.132856855053705,census_2020_first_names_by_sex
Josefina,female,45594,104,45490,0.002281,0.997719,961,15.095774634606368,census_2020_first_names_by_sex
Kristopher,male,45559,45444,115,0.997476,0.002524,962,15.084186440716575,census_2020_first_names_by_sex
Hanna,female,45248,842,44406,0.018609,0.981391,963,14.981217060724413,census_2020_first_names_by_sex
Elisabeth,female,45239,55,45184,0.001216,0.998784,964,14.978237239438467,census_2020_first_names_by_sex
Geoffrey,male,45230,45180,50,0.998895,0.001105,965,14.97525741815252,census_2020_first_names_by_sex
Kelley,female,45163,4010,41153,0.088789,0.911211,966,14.953074304134917,census_2020_first_names_by_sex
Weston,male,45042,44896,146,0.996759,0.003241,967,14.913012262401633,census_2020_first_names_by_sex
Ryder,male,44966,43767,1199,0.973335,0.026665,968,14.887849327098081,census_2020_first_names_by_sex
Graham,male,44924,44654,270,0.993990,0.006010,969,14.873943494430332,census_2020_first_names_by_sex
Anastasia,female,44877,77,44800,0.001716,0.998284,970,14.858382205492607,census_2020_first_names_by_sex
Will,male,44843,44471,372,0.991704,0.008296,971,14.847125102856809,census_2020_first_names_by_sex
Gretchen,female,44623,24,44599,0.000538,0.999462,972,14.774285026978109,census_2020_first_names_by_sex
Kellie,female,44582,200,44382,0.004486,0.995514,973,14.760710285564352,census_2020_first_names_by_sex
Jaxson,male,44556,44427,129,0.997105,0.002895,974,14.752101912960505,census_2020_first_names_by_sex
Pam,female,44546,112,44434,0.002514,0.997486,975,14.748791000420566,census_2020_first_names_by_sex
Bernadette,female,44253,53,44200,0.001198,0.998802,976,14.651781263000299,census_2020_first_names_by_sex
Ingrid,female,44143,88,44055,0.001994,0.998006,977,14.615361225060949,census_2020_first_names_by_sex
Zane,male,44095,43577,518,0.988253,0.011747,978,14.599468844869232,census_2020_first_names_by_sex
Rogelio,male,44072,43983,89,0.997981,0.002019,979,14.59185374602737,census_2020_first_names_by_sex
Harley,neutral,43968,21617,22351,0.491653,0.508347,980,14.557420255611984,census_2020_first_names_by_sex
Elliott,neutral,43870,38826,5044,0.885024,0.114976,981,14.524973312720563,census_2020_first_names_by_sex
Kiara,female,43748,183,43565,0.004183,0.995817,982,14.484580179733285,census_2020_first_names_by_sex
Rodrigo,male,43705,43619,86,0.998032,0.001968,983,14.470343255811541,census_2020_first_names_by_sex
Braden,male,43698,43378,320,0.992677,0.007323,984,14.468025617033579,census_2020_first_names_by_sex
Elsie,female,43606,117,43489,0.002683,0.997317,985,14.437565221666125,census_2020_first_names_by_sex
Callie,female,43600,226,43374,0.005183,0.994817,986,14.435578674142159,census_2020_first_names_by_sex
Tomas,male,43589,43435,154,0.996467,0.003533,987,14.431936670348227,census_2020_first_names_by_sex
Dominick,male,43551,43311,240,0.994489,0.005511,988,14.419355202696448,census_2020_first_names_by_sex
Nikki,female,43487,770,42717,0.017706,0.982294,989,14.398165362440828,census_2020_first_names_by_sex
Emerson,neutral,43461,21192,22269,0.487610,0.512390,990,14.389556989836981,census_2020_first_names_by_sex
Kelvin,male,43448,43338,110,0.997468,0.002532,991,14.385252803535058,census_2020_first_names_by_sex
Jaclyn,female,43408,41,43367,0.000945,0.999055,992,14.372009153375295,census_2020_first_names_by_sex
Selena,female,43320,81,43239,0.001870,0.998130,993,14.342873123023816,census_2020_first_names_by_sex
Patty,female,43235,112,43123,0.002590,0.997410,995,14.314730366434317,census_2020_first_names_by_sex
Maxine,female,43204,160,43044,0.003703,0.996297,996,14.304466537560501,census_2020_first_names_by_sex
Lila,female,43201,207,42994,0.004792,0.995208,997,14.303473263798519,census_2020_first_names_by_sex
Chance,male,43138,42026,1112,0.974222,0.025778,998,14.282614514796892,census_2020_first_names_by_sex
Jana,female,43056,82,42974,0.001904,0.998096,999,14.255465031969377,census_2020_first_names_by_sex
Zach,male,43052,42982,70,0.998374,0.001626,1000,14.254140666953401,census_2020_first_names_by_sex
Fabian,male,43046,42691,355,0.991753,0.008247,1001,14.252154119429434,census_2020_first_names_by_sex
Eliana,female,43043,68,42975,0.001580,0.998420,1002,14.251160845667453,census_2020_first_names_by_sex
Axel,male,42999,42743,256,0.994046,0.005954,1003,14.236592830491713,census_2020_first_names_by_sex
Kylee,female,42844,351,42493,0.008193,0.991807,1004,14.185273686122631,census_2020_first_names_by_sex
Herman,male,42824,42682,142,0.996684,0.003316,1005,14.17865186104275,census_2020_first_names_by_sex
Eden,neutral,42785,6563,36222,0.153395,0.846605,1006,14.165739302136979,census_2020_first_names_by_sex
Jude,male,42715,39973,2742,0.935807,0.064193,1007,14.142562914357395,census_2020_first_names_by_sex
Ada,female,42677,330,42347,0.007733,0.992267,1008,14.129981446705619,census_2020_first_names_by_sex
Bentley,male,42505,39889,2616,0.938454,0.061546,1009,14.073033751018635,census_2020_first_names_by_sex
Myra,female,42505,102,42403,0.002400,0.997600,1009,14.073033751018635,census_2020_first_names_by_sex
Tania,female,42281,84,42197,0.001987,0.998013,1011,13.998869310123961,census_2020_first_names_by_sex
Ashlyn,female,42211,123,42088,0.002914,0.997086,1012,13.975692922344374,census_2020_first_names_by_sex
Margie,female,42196,71,42125,0.001683,0.998317,1013,13.970726553534462,census_2020_first_names_by_sex
Christie,female,42083,331,41752,0.007865,0.992135,1014,13.933313241833131,census_2020_first_names_by_sex
Rosalie,female,42079,56,42023,0.001331,0.998669,1015,13.931988876817154,census_2020_first_names_by_sex
Julianna,female,41990,53,41937,0.001262,0.998738,1016,13.902521755211682,census_2020_first_names_by_sex
Jasmin,female,41915,1215,40700,0.028987,0.971013,1017,13.877689911162124,census_2020_first_names_by_sex
Ethel,female,41868,124,41744,0.002962,0.997038,1018,13.862128622224402,census_2020_first_names_by_sex
Gerard,male,41777,41720,57,0.998636,0.001364,1019,13.83199931811094,census_2020_first_names_by_sex
Alina,female,41648,46,41602,0.001104,0.998896,1020,13.789288546345704,census_2020_first_names_by_sex
Eliza,female,41537,286,41251,0.006885,0.993115,1021,13.752537417152359,census_2020_first_names_by_sex
Lola,female,41482,103,41379,0.002483,0.997517,1022,13.734327398182684,census_2020_first_names_by_sex
Bennett,male,41302,39897,1405,0.965982,0.034018,1023,13.674730972463751,census_2020_first_names_by_sex
Rudy,male,41251,40072,1179,0.971419,0.028581,1024,13.657845318510052,census_2020_first_names_by_sex
Moises,male,41184,41077,107,0.997402,0.002598,1025,13.635662204492446,census_2020_first_names_by_sex
Malachi,male,41144,40883,261,0.993656,0.006344,1026,13.622418554332686,census_2020_first_names_by_sex
Tucker,male,41060,40608,452,0.988992,0.011008,1027,13.594606888997181,census_2020_first_names_by_sex
Gilberto,male,40957,40886,71,0.998266,0.001734,1028,13.560504489835788,census_2020_first_names_by_sex
Malcolm,male,40938,40838,100,0.997557,0.002443,1029,13.554213756009903,census_2020_first_names_by_sex
Silas,male,40869,40676,193,0.995278,0.004722,1030,13.531368459484311,census_2020_first_names_by_sex
Darius,male,40835,40652,183,0.995519,0.004481,1031,13.520111356848512,census_2020_first_names_by_sex
Ezekiel,male,40784,40685,99,0.997573,0.002427,1032,13.503225702894813,census_2020_first_names_by_sex
Pat,neutral,40768,16492,24276,0.404533,0.595467,1033,13.497928242830909,census_2020_first_names_by_sex
Doreen,female,40567,52,40515,0.001282,0.998718,1034,13.431378900778096,census_2020_first_names_by_sex
Mauricio,male,40524,40436,88,0.997828,0.002172,1035,13.417141976856351,census_2020_first_names_by_sex
Esteban,male,40480,40365,115,0.997159,0.002841,1036,13.402573961680611,census_2020_first_names_by_sex
Griffin,male,40385,39688,697,0.982741,0.017259,1037,13.371120292551172,census_2020_first_names_by_sex
Adrianna,female,40364,69,40295,0.001709,0.998291,1038,13.364167376217297,census_2020_first_names_by_sex
Giselle,female,40347,79,40268,0.001958,0.998042,1039,13.358538824899396,census_2020_first_names_by_sex
Paola,female,40331,166,40165,0.004116,0.995884,1040,13.353241364835492,census_2020_first_names_by_sex
Laurel,female,40185,714,39471,0.017768,0.982232,1041,13.304902041752355,census_2020_first_names_by_sex
Rochelle,female,40162,189,39973,0.004706,0.995294,1042,13.297286942910491,census_2020_first_names_by_sex
Frankie,neutral,40157,24129,16028,0.600867,0.399133,1043,13.295631486640522,census_2020_first_names_by_sex
London,neutral,40126,7620,32506,0.189902,0.810098,1044,13.285367657766704,census_2020_first_names_by_sex
Ida,female,40120,148,39972,0.003689,0.996311,1045,13.28338111024274,census_2020_first_names_by_sex
Santos,neutral,40112,34296,5816,0.855006,0.144994,1046,13.280732380210788,census_2020_first_names_by_sex
Rowan,neutral,40085,25312,14773,0.631458,0.368542,1047,13.271792916352949,census_2020_first_names_by_sex
Cassie,female,40082,206,39876,0.005139,0.994861,1048,13.270799642590964,census_2020_first_names_by_sex
Dante,male,40067,39693,374,0.990666,0.009334,1049,13.265833273781052,census_2020_first_names_by_sex
Julius,male,40007,39852,155,0.996126,0.003874,1050,13.245967798541407,census_2020_first_names_by_sex
Janie,female,39941,135,39806,0.003380,0.996620,1051,13.224115775777799,census_2020_first_names_by_sex
Wilson,male,39895,39489,406,0.989823,0.010177,1052,13.208885578094071,census_2020_first_names_by_sex
Rolando,male,39805,39728,77,0.998066,0.001934,1053,13.179087365234603,census_2020_first_names_by_sex
Dina,female,39715,172,39543,0.004331,0.995669,1054,13.149289152375134,census_2020_first_names_by_sex
Shawna,female,39653,40,39613,0.001009,0.998991,1055,13.128761494627501,census_2020_first_names_by_sex
Mindy,female,39640,42,39598,0.001060,0.998940,1056,13.124457308325576,census_2020_first_names_by_sex
Alexia,female,39584,155,39429,0.003916,0.996084,1057,13.105916198101909,census_2020_first_names_by_sex
Jennie,female,39580,56,39524,0.001415,0.998585,1058,13.104591833085934,census_2020_first_names_by_sex
Donnie,male,39556,36774,2782,0.929669,0.070331,1059,13.096645642990076,census_2020_first_names_by_sex
Maritza,female,39311,89,39222,0.002264,0.997736,1060,13.015528285761524,census_2020_first_names_by_sex
Lane,neutral,39308,35016,4292,0.890811,0.109189,1061,13.014535011999541,census_2020_first_names_by_sex
Paulette,female,39212,37,39175,0.000944,0.999056,1062,12.982750251616109,census_2020_first_names_by_sex
Trey,male,39163,38966,197,0.994970,0.005030,1063,12.966526780170399,census_2020_first_names_by_sex
Kasey,neutral,39152,10068,29084,0.257152,0.742848,1064,12.962884776376464,census_2020_first_names_by_sex
Declan,male,39020,38769,251,0.993567,0.006433,1065,12.919180730849245,census_2020_first_names_by_sex
Emanuel,male,38945,38788,157,0.995969,0.004031,1066,12.894348886799689,census_2020_first_names_by_sex
Loren,neutral,38871,26675,12196,0.686244,0.313756,1067,12.869848134004126,census_2020_first_names_by_sex
Graciela,female,38850,83,38767,0.002136,0.997864,1068,12.86289521767025,census_2020_first_names_by_sex
Myles,male,38830,38557,273,0.992969,0.007031,1069,12.856273392590367,census_2020_first_names_by_sex
Emmett,male,38818,38607,211,0.994564,0.005436,1070,12.85230029754244,census_2020_first_names_by_sex
Tyson,male,38788,38529,259,0.993323,0.006677,1071,12.842367559922618,census_2020_first_names_by_sex
Ramiro,male,38754,38684,70,0.998194,0.001806,1072,12.831110457286817,census_2020_first_names_by_sex
Jazmin,female,38716,136,38580,0.003513,0.996487,1073,12.818528989635043,census_2020_first_names_by_sex
Mandy,female,38680,251,38429,0.006489,0.993511,1074,12.806609704491256,census_2020_first_names_by_sex
Teri,female,38647,216,38431,0.005589,0.994411,1075,12.795683693109451,census_2020_first_names_by_sex
Amir,male,38482,37978,504,0.986903,0.013097,1076,12.741053636200427,census_2020_first_names_by_sex
Joaquin,male,38466,38323,143,0.996282,0.003718,1077,12.735756176136521,census_2020_first_names_by_sex
Janis,female,38436,449,37987,0.011682,0.988318,1078,12.725823438516697,census_2020_first_names_by_sex
Alaina,female,38346,40,38306,0.001043,0.998957,1079,12.69602522565723,census_2020_first_names_by_sex
Leigh,female,38258,3516,34742,0.091902,0.908098,1080,12.66688919530575,census_2020_first_names_by_sex
Tricia,female,38252,26,38226,0.000680,0.999320,1081,12.664902647781787,census_2020_first_names_by_sex
Brock,male,38250,38118,132,0.996549,0.003451,1082,12.664240465273799,census_2020_first_names_by_sex
Nadine,female,38200,48,38152,0.001257,0.998743,1083,12.647685902574093,census_2020_first_names_by_sex
Serena,female,38170,50,38120,0.001310,0.998690,1084,12.637753164954272,census_2020_first_names_by_sex
Beau,male,38089,37401,688,0.981937,0.018063,1085,12.61093477338075,census_2020_first_names_by_sex
Elmer,male,38051,37776,275,0.992773,0.007227,1086,12.598353305728974,census_2020_first_names_by_sex
Ginger,female,37956,74,37882,0.001950,0.998050,1087,12.566899636599539,census_2020_first_names_by_sex
Araceli,female,37919,84,37835,0.002215,0.997785,1088,12.554649260201757,census_2020_first_names_by_sex
Jeannette,female,37909,32,37877,0.000844,0.999156,1089,12.551338347661813,census_2020_first_names_by_sex
Agnes,female,37898,85,37813,0.002243,0.997757,1090,12.547696343867878,census_2020_first_names_by_sex
Ahmed,male,37887,37760,127,0.996648,0.003352,1091,12.544054340073947,census_2020_first_names_by_sex
Jameson,male,37850,36898,952,0.974848,0.025152,1092,12.531803963676165,census_2020_first_names_by_sex
Leila,female,37753,55,37698,0.001457,0.998543,1093,12.499688112038736,census_2020_first_names_by_sex
Delia,female,37738,77,37661,0.002040,0.997960,1094,12.494721743228828,census_2020_first_names_by_sex
Chandler,neutral,37708,29603,8105,0.785059,0.214941,1095,12.484789005609004,census_2020_first_names_by_sex
Bryant,male,37663,37472,191,0.994929,0.005071,1096,12.46988989917927,census_2020_first_names_by_sex
Malik,male,37659,37392,267,0.992910,0.007090,1097,12.468565534163293,census_2020_first_names_by_sex
Alondra,female,37544,137,37407,0.003649,0.996351,1098,12.430490039953973,census_2020_first_names_by_sex
Faye,female,37526,110,37416,0.002931,0.997069,1099,12.42453039738208,census_2020_first_names_by_sex
Betsy,female,37502,28,37474,0.000747,0.999253,1100,12.416584207286224,census_2020_first_names_by_sex
Cecil,male,37487,36124,1363,0.963641,0.036359,1101,12.411617838476312,census_2020_first_names_by_sex
Latoya,female,37472,55,37417,0.001468,0.998532,1102,12.4066514696664,census_2020_first_names_by_sex
Luna,female,37464,228,37236,0.006086,0.993914,1103,12.404002739634446,census_2020_first_names_by_sex
Lynette,female,37429,45,37384,0.001202,0.998798,1104,12.392414545744655,census_2020_first_names_by_sex
Trisha,female,37406,53,37353,0.001417,0.998583,1105,12.38479944690279,census_2020_first_names_by_sex
Neal,male,37392,37210,182,0.995133,0.004867,1106,12.380164169346873,census_2020_first_names_by_sex
Delaney,female,37383,789,36594,0.021106,0.978894,1107,12.377184348060926,census_2020_first_names_by_sex
Raven,female,37274,2678,34596,0.071846,0.928154,1108,12.34109540137557,census_2020_first_names_by_sex
Allie,female,37273,764,36509,0.020497,0.979503,1109,12.340764310121576,census_2020_first_names_by_sex
Hugh,male,37239,37159,80,0.997852,0.002148,1110,12.329507207485776,census_2020_first_names_by_sex
Mona,female,37167,75,37092,0.002018,0.997982,1111,12.305668637198202,census_2020_first_names_by_sex
Ashlee,female,37143,207,36936,0.005573,0.994427,1112,12.297722447102345,census_2020_first_names_by_sex
Paisley,female,37129,90,37039,0.002424,0.997576,1113,12.293087169546428,census_2020_first_names_by_sex
Mckenna,female,37053,228,36825,0.006153,0.993847,1114,12.267924234242878,census_2020_first_names_by_sex
Francisca,female,36984,126,36858,0.003407,0.996593,1115,12.245078937717286,census_2020_first_names_by_sex
Lillie,female,36984,78,36906,0.002109,0.997891,1115,12.245078937717286,census_2020_first_names_by_sex
Rosario,neutral,36973,5274,31699,0.142645,0.857355,1117,12.241436933923351,census_2020_first_names_by_sex
Meagan,female,36925,32,36893,0.000867,0.999133,1118,12.225544553731634,census_2020_first_names_by_sex
Madeleine,female,36774,54,36720,0.001468,0.998532,1119,12.175549774378528,census_2020_first_names_by_sex
Patti,female,36543,25,36518,0.000684,0.999316,1120,12.099067694705893,census_2020_first_names_by_sex
Greyson,male,36522,35852,670,0.981655,0.018345,1121,12.092114778372018,census_2020_first_names_by_sex
Dawson,male,36417,35549,868,0.976165,0.023835,1122,12.05735019670264,census_2020_first_names_by_sex
Kyla,female,36384,111,36273,0.003051,0.996949,1123,12.046424185320834,census_2020_first_names_by_sex
Marla,female,36374,63,36311,0.001732,0.998268,1124,12.043113272780893,census_2020_first_names_by_sex
Keegan,male,36167,32940,3227,0.910775,0.089225,1125,11.974577383204117,census_2020_first_names_by_sex
Rex,male,36166,36060,106,0.997069,0.002931,1126,11.974246291950124,census_2020_first_names_by_sex
Sasha,female,36127,1995,34132,0.055222,0.944778,1127,11.961333733044354,census_2020_first_names_by_sex
Esperanza,female,36013,116,35897,0.003221,0.996779,1128,11.923589330089026,census_2020_first_names_by_sex
Makenzie,female,35977,269,35708,0.007477,0.992523,1129,11.91167004494524,census_2020_first_names_by_sex
Chester,male,35868,35737,131,0.996348,0.003652,1130,11.875581098259884,census_2020_first_names_by_sex
Shari,female,35862,46,35816,0.001283,0.998717,1131,11.873594550735922,census_2020_first_names_by_sex
Laila,female,35860,53,35807,0.001478,0.998522,1132,11.872932368227932,census_2020_first_names_by_sex
Rocio,female,35800,203,35597,0.005670,0.994330,1133,11.853066892988288,census_2020_first_names_by_sex
Catalina,female,35717,98,35619,0.002744,0.997256,1134,11.825586318906778,census_2020_first_names_by_sex
Aubree,female,35653,129,35524,0.003618,0.996382,1135,11.804396478651157,census_2020_first_names_by_sex
Van,neutral,35602,24121,11481,0.677518,0.322482,1136,11.787510824697458,census_2020_first_names_by_sex
Adeline,female,35566,57,35509,0.001603,0.998397,1137,11.775591539553671,census_2020_first_names_by_sex
Kira,female,35464,107,35357,0.003017,0.996983,1138,11.741820231646274,census_2020_first_names_by_sex
Luca,male,35413,34079,1334,0.962330,0.037670,1139,11.724934577692576,census_2020_first_names_by_sex
Freddie,male,35364,32019,3345,0.905412,0.094588,1140,11.708711106246865,census_2020_first_names_by_sex
Tori,female,35299,978,34321,0.027706,0.972294,1141,11.68719017473725,census_2020_first_names_by_sex
Lora,female,35094,81,35013,0.002308,0.997692,1142,11.619316467668462,census_2020_first_names_by_sex
Ignacio,male,35092,35003,89,0.997464,0.002536,1143,11.618654285160474,census_2020_first_names_by_sex
Stefanie,female,34972,25,34947,0.000715,0.999285,1144,11.578923334681184,census_2020_first_names_by_sex
Darla,female,34954,25,34929,0.000715,0.999285,1145,11.57296369210929,census_2020_first_names_by_sex
Humberto,male,34796,34721,75,0.997845,0.002155,1146,11.520651273978224,census_2020_first_names_by_sex
Corinne,female,34767,27,34740,0.000777,0.999223,1147,11.511049627612396,census_2020_first_names_by_sex
Alissa,female,34758,33,34725,0.000949,0.999051,1148,11.508069806326448,census_2020_first_names_by_sex
Kaiden,male,34685,33319,1366,0.960617,0.039383,1149,11.483900144784881,census_2020_first_names_by_sex
Karin,female,34535,320,34215,0.009266,0.990734,1150,11.434236456685769,census_2020_first_names_by_sex
Lesley,female,34454,2626,31828,0.076218,0.923782,1151,11.407418065112248,census_2020_first_names_by_sex
Rickey,male,34441,34156,285,0.991725,0.008275,1152,11.403113878810323,census_2020_first_names_by_sex
Adan,male,34348,34119,229,0.993333,0.006667,1153,11.372322392188874,census_2020_first_names_by_sex
Jayla,female,34334,117,34217,0.003408,0.996592,1154,11.367687114632957,census_2020_first_names_by_sex
Noelle,female,34332,184,34148,0.005359,0.994641,1155,11.367024932124968,census_2020_first_names_by_sex
Alvaro,male,34180,34104,76,0.997776,0.002224,1156,11.316699061517868,census_2020_first_names_by_sex
Marlon,male,34097,33775,322,0.990556,0.009444,1157,11.289218487436358,census_2020_first_names_by_sex
Magdalena,female,34074,95,33979,0.002788,0.997212,1158,11.281603388594494,census_2020_first_names_by_sex
Stacie,female,34020,155,33865,0.004556,0.995444,1159,11.263724460878814,census_2020_first_names_by_sex
Toby,neutral,34007,28174,5833,0.828476,0.171524,1160,11.25942027457689,census_2020_first_names_by_sex
Sonja,female,33999,56,33943,0.001647,0.998353,1161,11.256771544544938,census_2020_first_names_by_sex
Corbin,male,33964,33342,622,0.981686,0.018314,1162,11.245183350655145,census_2020_first_names_by_sex
Reyna,female,33961,127,33834,0.003740,0.996260,1163,11.244190076893164,census_2020_first_names_by_sex
Lidia,female,33871,71,33800,0.002096,0.997904,1164,11.214391864033695,census_2020_first_names_by_sex
Cruz,neutral,33737,25917,7820,0.768207,0.231793,1165,11.170025635998487,census_2020_first_names_by_sex
Maddox,male,33731,32467,1264,0.962527,0.037473,1166,11.168039088474522,census_2020_first_names_by_sex
Kris,neutral,33727,19968,13759,0.592048,0.407952,1167,11.166714723458545,census_2020_first_names_by_sex
Willow,female,33715,323,33392,0.009580,0.990420,1168,11.162741628410618,census_2020_first_names_by_sex
Aliyah,female,33713,83,33630,0.002462,0.997538,1169,11.162079445902629,census_2020_first_names_by_sex
Aida,female,33710,108,33602,0.003204,0.996796,1170,11.161086172140648,census_2020_first_names_by_sex
Delilah,female,33704,53,33651,0.001573,0.998427,1171,11.159099624616683,census_2020_first_names_by_sex
Muhammad,male,33698,33635,63,0.998130,0.001870,1172,11.157113077092717,census_2020_first_names_by_sex
Daphne,female,33602,55,33547,0.001637,0.998363,1173,11.125328316709286,census_2020_first_names_by_sex
Emery,neutral,33516,9623,23893,0.287117,0.712883,1174,11.096854468865795,census_2020_first_names_by_sex
Clifton,male,33448,33359,89,0.997339,0.002661,1175,11.074340263594197,census_2020_first_names_by_sex
Garry,male,33439,33337,102,0.996950,0.003050,1176,11.071360442308251,census_2020_first_names_by_sex
Kristie,female,33436,21,33415,0.000628,0.999372,1177,11.070367168546268,census_2020_first_names_by_sex
Claude,male,33429,32720,709,0.978791,0.021209,1178,11.068049529768309,census_2020_first_names_by_sex
Salvatore,male,33417,33385,32,0.999042,0.000958,1179,11.064076434720381,census_2020_first_names_by_sex
Justine,female,33403,1350,32053,0.040416,0.959584,1180,11.059441157164462,census_2020_first_names_by_sex
Kerri,female,33369,239,33130,0.007162,0.992838,1181,11.048184054528663,census_2020_first_names_by_sex
Tasha,female,33339,82,33257,0.002460,0.997540,1182,11.038251316908841,census_2020_first_names_by_sex
Shelia,female,33324,51,33273,0.001530,0.998470,1183,11.033284948098929,census_2020_first_names_by_sex
Jalen,male,33290,31691,1599,0.951968,0.048032,1184,11.022027845463132,census_2020_first_names_by_sex
Jaylen,neutral,33253,28847,4406,0.867501,0.132499,1185,11.00977746906535,census_2020_first_names_by_sex
Noe,male,33233,32734,499,0.984985,0.015015,1186,11.003155643985467,census_2020_first_names_by_sex
Alisa,female,33213,63,33150,0.001897,0.998103,1187,10.996533818905586,census_2020_first_names_by_sex
Clarissa,female,33186,43,33143,0.001296,0.998704,1188,10.987594355047746,census_2020_first_names_by_sex
Kimberley,female,33055,119,32936,0.003600,0.996400,1189,10.94422140077452,census_2020_first_names_by_sex
Juliet,female,32998,64,32934,0.001940,0.998060,1190,10.925349199296857,census_2020_first_names_by_sex
Khloe,female,32991,64,32927,0.001940,0.998060,1191,10.923031560518899,census_2020_first_names_by_sex
Francesca,female,32941,58,32883,0.001761,0.998239,1192,10.906476997819194,census_2020_first_names_by_sex
Kyra,female,32874,75,32799,0.002281,0.997719,1193,10.884293883801591,census_2020_first_names_by_sex
Vicente,male,32867,32754,113,0.996562,0.003438,1194,10.881976245023631,census_2020_first_names_by_sex
Christa,female,32795,44,32751,0.001342,0.998658,1195,10.858137674736058,census_2020_first_names_by_sex
Rosie,female,32764,69,32695,0.002106,0.997894,1196,10.847873845862242,census_2020_first_names_by_sex
Fredrick,male,32686,32602,84,0.997430,0.002570,1197,10.822048728050703,census_2020_first_names_by_sex
Lukas,male,32668,32580,88,0.997306,0.002694,1198,10.816089085478808,census_2020_first_names_by_sex
Annmarie,female,32599,27,32572,0.000828,0.999172,1199,10.793243788953216,census_2020_first_names_by_sex
Marcella,female,32506,133,32373,0.004092,0.995908,1200,10.762452302331768,census_2020_first_names_by_sex
Luisa,female,32462,129,32333,0.003974,0.996026,1201,10.747884287156028,census_2020_first_names_by_sex
August,neutral,32401,28387,4014,0.876115,0.123885,1202,10.727687720662388,census_2020_first_names_by_sex
Clark,male,32398,31978,420,0.987036,0.012964,1203,10.726694446900407,census_2020_first_names_by_sex
Rory,neutral,32392,24819,7573,0.766208,0.233792,1204,10.72470789937644,census_2020_first_names_by_sex
Tami,female,32380,85,32295,0.002625,0.997375,1205,10.720734804328513,census_2020_first_names_by_sex
Cayden,male,32303,30683,1620,0.949850,0.050150,1206,10.695240777770968,census_2020_first_names_by_sex
Athena,female,32200,43,32157,0.001335,0.998665,1207,10.661138378609577,census_2020_first_names_by_sex
Hadley,female,32200,1351,30849,0.041957,0.958043,1207,10.661138378609577,census_2020_first_names_by_sex
Fiona,female,32179,51,32128,0.001585,0.998415,1209,10.6541854622757,census_2020_first_names_by_sex
Roderick,male,32175,32114,61,0.998104,0.001896,1210,10.652861097259724,census_2020_first_names_by_sex
Efrain,male,32016,31937,79,0.997532,0.002468,1211,10.600217587874665,census_2020_first_names_by_sex
Brielle,female,31992,60,31932,0.001875,0.998125,1212,10.592271397778807,census_2020_first_names_by_sex
Janine,female,31970,37,31933,0.001157,0.998843,1213,10.584987390190937,census_2020_first_names_by_sex
Ciara,female,31895,72,31823,0.002257,0.997743,1214,10.560155546141381,census_2020_first_names_by_sex
Reid,male,31675,30802,873,0.972439,0.027561,1215,10.487315470262681,census_2020_first_names_by_sex
Eunice,female,31650,207,31443,0.006540,0.993460,1216,10.479038188912829,census_2020_first_names_by_sex
Kameron,neutral,31632,27865,3767,0.880912,0.119088,1217,10.473078546340936,census_2020_first_names_by_sex
Helena,female,31617,44,31573,0.001392,0.998608,1218,10.468112177531024,census_2020_first_names_by_sex
Drake,male,31584,31418,166,0.994744,0.005256,1219,10.457186166149219,census_2020_first_names_by_sex
Elvira,female,31500,56,31444,0.001778,0.998222,1220,10.429374500813715,census_2020_first_names_by_sex
Jasper,male,31500,30583,917,0.970889,0.029111,1220,10.429374500813715,census_2020_first_names_by_sex
Gwen,female,31346,201,31145,0.006412,0.993588,1222,10.378386447698627,census_2020_first_names_by_sex
Britney,female,31343,94,31249,0.002999,0.997001,1223,10.377393173936644,census_2020_first_names_by_sex
Patrice,female,31301,1314,29987,0.041979,0.958021,1224,10.363487341268893,census_2020_first_names_by_sex
Brennan,male,31223,29272,1951,0.937514,0.062486,1225,10.337662223457354,census_2020_first_names_by_sex
Cecelia,female,31176,38,31138,0.001219,0.998781,1226,10.322100934519632,census_2020_first_names_by_sex
Rylan,neutral,31162,26435,4727,0.848309,0.151691,1227,10.317465656963716,census_2020_first_names_by_sex
Clint,male,31154,31118,36,0.998844,0.001156,1228,10.314816926931762,census_2020_first_names_by_sex
Maricela,female,31152,71,31081,0.002279,0.997721,1229,10.314154744423774,census_2020_first_names_by_sex
Jermaine,male,31139,30651,488,0.984328,0.015672,1230,10.309850558121852,census_2020_first_names_by_sex
Jaiden,neutral,31122,23912,7210,0.768331,0.231669,1231,10.304222006803952,census_2020_first_names_by_sex
Clay,male,31014,30779,235,0.992423,0.007577,1232,10.268464151372591,census_2020_first_names_by_sex
Rachelle,female,30888,31,30857,0.001004,0.998996,1233,10.226746653369336,census_2020_first_names_by_sex
Tia,female,30869,151,30718,0.004892,0.995108,1234,10.220455919543447,census_2020_first_names_by_sex
Zion,neutral,30865,25563,5302,0.828220,0.171780,1235,10.219131554527472,census_2020_first_names_by_sex
Desmond,male,30864,30627,237,0.992321,0.007679,1236,10.218800463273478,census_2020_first_names_by_sex
Quentin,male,30698,30547,151,0.995081,0.004919,1237,10.163839315110458,census_2020_first_names_by_sex
Ebony,female,30670,218,30452,0.007108,0.992892,1238,10.154568759998625,census_2020_first_names_by_sex
Daniella,female,30594,78,30516,0.002550,0.997450,1239,10.129405824695075,census_2020_first_names_by_sex
Gregg,male,30573,30469,104,0.996598,0.003402,1240,10.122452908361199,census_2020_first_names_by_sex
Lea,female,30568,271,30297,0.008865,0.991135,1241,10.120797452091228,census_2020_first_names_by_sex
Pearl,female,30561,460,30101,0.015052,0.984948,1242,10.11847981331327,census_2020_first_names_by_sex
Kyler,male,30518,28660,1858,0.939118,0.060882,1243,10.104242889391525,census_2020_first_names_by_sex
Harriet,female,30360,46,30314,0.001515,0.998485,1244,10.051930471260459,census_2020_first_names_by_sex
Cedric,male,30295,30224,71,0.997656,0.002344,1245,10.030409539750842,census_2020_first_names_by_sex
Leona,female,30291,92,30199,0.003037,0.996963,1246,10.029085174734867,census_2020_first_names_by_sex
Paris,neutral,30275,5868,24407,0.193823,0.806177,1247,10.023787714670961,census_2020_first_names_by_sex
Simone,female,30190,1107,29083,0.036668,0.963332,1248,9.9956449580814635,census_2020_first_names_by_sex
Rob,male,30144,29961,183,0.993929,0.006071,1249,9.9804147603977356,census_2020_first_names_by_sex
Cheri,female,30101,25,30076,0.000831,0.999169,1250,9.9661778364759908,census_2020_first_names_by_sex
Debora,female,30023,27,29996,0.000899,0.999101,1251,9.9403527186644514,census_2020_first_names_by_sex
Susie,female,29902,60,29842,0.002007,0.997993,1253,9.9002906769311672,census_2020_first_names_by_sex
Jazmine,female,29807,97,29710,0.003254,0.996746,1254,9.8688370078017282,census_2020_first_names_by_sex
Dane,male,29787,29274,513,0.982778,0.017222,1255,9.8622151827218456,census_2020_first_names_by_sex
Jamal,male,29768,29497,271,0.990896,0.009104,1256,9.8559244488959585,census_2020_first_names_by_sex
Lilian,female,29757,135,29622,0.004537,0.995463,1257,9.8522824451020252,census_2020_first_names_by_sex
Ronda,female,29747,138,29609,0.004639,0.995361,1258,9.8489715325620839,census_2020_first_names_by_sex
Noemi,female,29741,64,29677,0.002152,0.997848,1259,9.8469849850381177,census_2020_first_names_by_sex
Leland,male,29687,29354,333,0.988783,0.011217,1260,9.8291060573224378,census_2020_first_names_by_sex
Dulce,female,29664,140,29524,0.004720,0.995280,1261,9.8214909584805739,census_2020_first_names_by_sex
Leilani,female,29592,48,29544,0.001622,0.998378,1262,9.7976523881929989,census_2020_first_names_by_sex
Francine,female,29531,43,29488,0.001456,0.998544,1263,9.7774558216993608,census_2020_first_names_by_sex
Lyla,female,29517,28,29489,0.000949,0.999051,1264,9.7728205441434444,census_2020_first_names_by_sex
Macy,female,29509,374,29135,0.012674,0.987326,1265,9.7701718141114906,census_2020_first_names_by_sex
Jayson,male,29468,29369,99,0.996640,0.003360,1266,9.7565970726977334,census_2020_first_names_by_sex
Myrna,female,29441,30,29411,0.001019,0.998981,1267,9.7476576088398925,census_2020_first_names_by_sex
Jeannie,female,29437,26,29411,0.000883,0.999117,1268,9.7463332438239174,census_2020_first_names_by_sex
Katharine,female,29372,30,29342,0.001021,0.998979,1269,9.7248123123143007,census_2020_first_names_by_sex
Agustin,male,29342,29257,85,0.997103,0.002897,1270,9.7148795746944785,census_2020_first_names_by_sex
Reynaldo,male,29284,29230,54,0.998156,0.001844,1271,9.6956762819628217,census_2020_first_names_by_sex
Wallace,male,29219,28953,266,0.990896,0.009104,1272,9.674155350453205,census_2020_first_names_by_sex
Lilia,female,29179,36,29143,0.001234,0.998766,1273,9.6609117002934415,census_2020_first_names_by_sex
Brooks,male,29168,27878,1290,0.955773,0.044227,1274,9.6572696964995064,census_2020_first_names_by_sex
Sage,neutral,29088,10292,18796,0.353823,0.646177,1275,9.6307823961799794,census_2020_first_names_by_sex
Keri,female,29031,268,28763,0.009232,0.990768,1276,9.6119101947023182,census_2020_first_names_by_sex
Maverick,male,29028,28721,307,0.989424,0.010576,1277,9.6109169209403351,census_2020_first_names_by_sex
Amaya,female,29006,95,28911,0.003275,0.996725,1278,9.6036329133524649,census_2020_first_names_by_sex
Charity,female,28979,54,28925,0.001863,0.998137,1279,9.5946934494946241,census_2020_first_names_by_sex
Lucinda,female,28940,30,28910,0.001037,0.998963,1280,9.5817808905888562,census_2020_first_names_by_sex
Leonel,male,28890,28804,86,0.997023,0.002977,1281,9.5652263278891514,census_2020_first_names_by_sex
Justice,neutral,28889,15389,13500,0.532694,0.467306,1282,9.5648952366351576,census_2020_first_names_by_sex
Lina,female,28814,73,28741,0.002533,0.997467,1283,9.5400633925856013,census_2020_first_names_by_sex
Randolph,male,28785,28734,51,0.998228,0.001772,1284,9.5304617462197729,census_2020_first_names_by_sex
Lyle,male,28748,28317,431,0.985008,0.014992,1285,9.5182113698219908,census_2020_first_names_by_sex
Lara,female,28726,97,28629,0.003377,0.996623,1286,9.5109273622341224,census_2020_first_names_by_sex
Amari,neutral,28688,15821,12867,0.551485,0.448515,1287,9.4983458945823465,census_2020_first_names_by_sex
Pete,male,28623,28509,114,0.996017,0.003983,1288,9.4768249630727297,census_2020_first_names_by_sex
Camryn,neutral,28532,3318,25214,0.116290,0.883710,1289,9.4466956589592677,census_2020_first_names_by_sex
Ashleigh,female,28517,105,28412,0.003682,0.996318,1290,9.4417292901493575,census_2020_first_names_by_sex
Mattie,female,28503,149,28354,0.005228,0.994772,1291,9.4370940125934393,census_2020_first_names_by_sex
Martina,female,28494,125,28369,0.004387,0.995613,1292,9.4341141913074935,census_2020_first_names_by_sex
Phoebe,female,28467,41,28426,0.001440,0.998560,1293,9.4251747274496527,census_2020_first_names_by_sex
Keira,female,28424,46,28378,0.001618,0.998382,1294,9.4109378035279061,census_2020_first_names_by_sex
Tammie,female,28415,45,28370,0.001584,0.998416,1295,9.4079579822419603,census_2020_first_names_by_sex
Kayleigh,female,28397,32,28365,0.001127,0.998873,1296,9.401998339670067,census_2020_first_names_by_sex
River,neutral,28392,18939,9453,0.667054,0.332946,1297,9.4003428834000964,census_2020_first_names_by_sex
Marty,neutral,28375,24774,3601,0.873093,0.126907,1298,9.3947143320821969,census_2020_first_names_by_sex
Trina,female,28340,52,28288,0.001835,0.998165,1299,9.383126138192404,census_2020_first_names_by_sex
Jayce,male,28327,26833,1494,0.947259,0.052741,1300,9.3788219518904814,census_2020_first_names_by_sex
Therese,female,28317,28,28289,0.000989,0.999011,1301,9.3755110393505401,census_2020_first_names_by_sex
Wendell,male,28292,28015,277,0.990209,0.009791,1302,9.3672337580006886,census_2020_first_names_by_sex
Sherrie,female,28257,15,28242,0.000531,0.999469,1303,9.355645564110894,census_2020_first_names_by_sex
Moses,male,28165,28043,122,0.995668,0.004332,1304,9.3251851687434382,census_2020_first_names_by_sex
Jolene,female,28115,27,28088,0.000960,0.999040,1305,9.3086306060437334,census_2020_first_names_by_sex
Asia,female,28073,229,27844,0.008157,0.991843,1306,9.2947247733759841,census_2020_first_names_by_sex
Leanne,female,28033,30,28003,0.001070,0.998930,1307,9.2814811232162207,census_2020_first_names_by_sex
Tracie,female,28005,171,27834,0.006106,0.993894,1308,9.272210568104386,census_2020_first_names_by_sex
Bonita,female,27867,17,27850,0.000610,0.999390,1310,9.2265199750532005,census_2020_first_names_by_sex
Brenna,female,27835,62,27773,0.002227,0.997773,1311,9.2159250549253908,census_2020_first_names_by_sex
Lexi,female,27809,133,27676,0.004783,0.995217,1312,9.2073166823215438,census_2020_first_names_by_sex
Reed,male,27775,26810,965,0.965257,0.034743,1313,9.1960595796857447,census_2020_first_names_by_sex
Hillary,female,27773,643,27130,0.023152,0.976848,1314,9.1953973971777572,census_2020_first_names_by_sex
Denis,male,27745,26007,1738,0.937358,0.062642,1315,9.1861268420659226,census_2020_first_names_by_sex
Freddy,male,27703,27500,203,0.992672,0.007328,1316,9.1722210093981715,census_2020_first_names_by_sex
Carlton,male,27700,27547,153,0.994477,0.005523,1317,9.1712277356361884,census_2020_first_names_by_sex
Marley,neutral,27696,3710,23986,0.133954,0.866046,1318,9.1699033706202133,census_2020_first_names_by_sex
Grady,male,27688,27366,322,0.988370,0.011630,1319,9.1672546405882596,census_2020_first_names_by_sex
Darin,male,27677,27237,440,0.984102,0.015898,1320,9.1636126367943245,census_2020_first_names_by_sex
Perla,female,27662,77,27585,0.002784,0.997216,1321,9.1586462679844125,census_2020_first_names_by_sex
Brooklynn,female,27660,50,27610,0.001808,0.998192,1322,9.157984085476425,census_2020_first_names_by_sex
Savanna,female,27639,48,27591,0.001737,0.998263,1323,9.1510311691425503,census_2020_first_names_by_sex
Geneva,female,27609,51,27558,0.001847,0.998153,1324,9.1410984315227282,census_2020_first_names_by_sex
Cade,male,27587,27396,191,0.993076,0.006924,1325,9.133814423934858,census_2020_first_names_by_sex
Makenna,female,27550,68,27482,0.002468,0.997532,1326,9.1215640475370758,census_2020_first_names_by_sex
Diamond,female,27534,1585,25949,0.057565,0.942435,1327,9.1162665874731701,census_2020_first_names_by_sex
Xander,male,27442,27343,99,0.996392,0.003608,1328,9.0858061921057143,census_2020_first_names_by_sex
Jenifer,female,27430,49,27381,0.001786,0.998214,1329,9.0818330970577854,census_2020_first_names_by_sex
Marguerite,female,27427,20,27407,0.000729,0.999271,1330,9.0808398232958041,census_2020_first_names_by_sex
Jakob,male,27371,27317,54,0.998027,0.001973,1331,9.0622987130721349,census_2020_first_names_by_sex
Julianne,female,27295,61,27234,0.002235,0.997765,1332,9.037135777768583,census_2020_first_names_by_sex
Kinsley,female,27209,259,26950,0.009519,0.990481,1333,9.0086619299250916,census_2020_first_names_by_sex
Nickolas,male,27186,27134,52,0.998087,0.001913,1334,9.0010468310832277,census_2020_first_names_by_sex
Lizbeth,female,27147,55,27092,0.002026,0.997974,1335,8.988134272177458,census_2020_first_names_by_sex
Robbie,neutral,27045,15642,11403,0.578369,0.421631,1336,8.9543629642700626,census_2020_first_names_by_sex
Anderson,male,26993,25823,1170,0.956655,0.043345,1337,8.9371462190623703,census_2020_first_names_by_sex
Viviana,female,26954,37,26917,0.001373,0.998627,1338,8.9242336601566006,census_2020_first_names_by_sex
Janette,female,26925,36,26889,0.001337,0.998663,1339,8.9146320137907722,census_2020_first_names_by_sex
Chelsey,female,26913,94,26819,0.003493,0.996507,1340,8.9106589187428433,census_2020_first_names_by_sex
Rigoberto,male,26883,26834,49,0.998177,0.001823,1341,8.9007261811230212,census_2020_first_names_by_sex
Flora,female,26834,50,26784,0.001863,0.998137,1342,8.8845027096773102,census_2020_first_names_by_sex
Terence,male,26742,26662,80,0.997008,0.002992,1343,8.8540423143098543,census_2020_first_names_by_sex
Ahmad,male,26694,26624,70,0.997378,0.002622,1344,8.8381499341181371,census_2020_first_names_by_sex
Dexter,male,26692,26583,109,0.995916,0.004084,1345,8.8374877516101495,census_2020_first_names_by_sex
Davis,male,26633,25675,958,0.964030,0.035970,1346,8.817953367624499,census_2020_first_names_by_sex
Sammy,male,26625,24369,2256,0.915268,0.084732,1347,8.8153046375925452,census_2020_first_names_by_sex
Junior,male,26598,26329,269,0.989886,0.010114,1348,8.8063651737347062,census_2020_first_names_by_sex
Phil,male,26593,26445,148,0.994435,0.005565,1349,8.8047097174647355,census_2020_first_names_by_sex
Forrest,male,26456,26032,424,0.983973,0.016027,1350,8.7593502156675456,census_2020_first_names_by_sex
Terrell,male,26446,25279,1167,0.955872,0.044128,1351,8.7560393031276043,census_2020_first_names_by_sex
Dixie,female,26363,282,26081,0.010697,0.989303,1352,8.7285587290460942,census_2020_first_names_by_sex
Eloise,female,26360,55,26305,0.002086,0.997914,1353,8.7275654552841129,census_2020_first_names_by_sex
Shayla,female,26260,54,26206,0.002056,0.997944,1354,8.6944563298847051,census_2020_first_names_by_sex
Nellie,female,26255,64,26191,0.002438,0.997562,1355,8.6928008736147344,census_2020_first_names_by_sex
Ryker,male,26254,25916,338,0.987126,0.012874,1356,8.6924697823607389,census_2020_first_names_by_sex
Maryellen,female,26249,18,26231,0.000686,0.999314,1357,8.69081432609077,census_2020_first_names_by_sex
Randi,female,26229,840,25389,0.032026,0.967974,1358,8.6841925010108874,census_2020_first_names_by_sex
Shana,female,26205,76,26129,0.002900,0.997100,1359,8.6762463109150296,census_2020_first_names_by_sex
Benny,male,26165,25754,411,0.984292,0.015708,1360,8.6630026607552661,census_2020_first_names_by_sex
Finley,neutral,26158,10706,15452,0.409282,0.590718,1361,8.6606850219773079,census_2020_first_names_by_sex
Blair,neutral,26145,11032,15113,0.421954,0.578046,1362,8.6563808356753835,census_2020_first_names_by_sex
Paulina,female,26136,76,26060,0.002908,0.997092,1363,8.6534010143894378,census_2020_first_names_by_sex
Lorna,female,26130,25,26105,0.000957,0.999043,1364,8.6514144668654733,census_2020_first_names_by_sex
Kassandra,female,26111,46,26065,0.001762,0.998238,1365,8.6451237330395863,census_2020_first_names_by_sex
Talia,female,26072,58,26014,0.002225,0.997775,1366,8.6322111741338166,census_2020_first_names_by_sex
Consuelo,female,26069,131,25938,0.005025,0.994975,1367,8.6312179003718335,census_2020_first_names_by_sex
Demetrius,male,26043,24847,1196,0.954076,0.045924,1368,8.6226095277679882,census_2020_first_names_by_sex
Teagan,neutral,26042,4496,21546,0.172644,0.827356,1369,8.6222784365139944,census_2020_first_names_by_sex
Marylou,female,26002,33,25969,0.001269,0.998731,1370,8.6090347863542309,census_2020_first_names_by_sex
Solomon,male,25997,25925,72,0.997230,0.002770,1371,8.6073793300842585,census_2020_first_names_by_sex
Joni,female,25986,827,25159,0.031825,0.968175,1372,8.6037373262903252,census_2020_first_names_by_sex
Dena,female,25907,66,25841,0.002548,0.997452,1373,8.577581117224792,census_2020_first_names_by_sex
Ellis,neutral,25901,21575,4326,0.832979,0.167021,1374,8.5755945697008276,census_2020_first_names_by_sex
Ira,neutral,25849,22529,3320,0.871562,0.128438,1375,8.5583778244931352,census_2020_first_names_by_sex
Mariam,female,25815,94,25721,0.003641,0.996359,1376,8.5471207218573362,census_2020_first_names_by_sex
Clare,female,25764,838,24926,0.032526,0.967474,1377,8.5302350679036376,census_2020_first_names_by_sex
Alayna,female,25758,33,25725,0.001281,0.998719,1378,8.5282485203796732,census_2020_first_names_by_sex
Alyson,female,25713,41,25672,0.001595,0.998405,1379,8.513349413949939,census_2020_first_names_by_sex
Alivia,female,25622,36,25586,0.001405,0.998595,1380,8.483220109836477,census_2020_first_names_by_sex
Sheldon,male,25589,25204,385,0.984954,0.015046,1381,8.4722940984546735,census_2020_first_names_by_sex
Shauna,female,25557,28,25529,0.001096,0.998904,1382,8.461699178326862,census_2020_first_names_by_sex
Sienna,female,25552,36,25516,0.001409,0.998591,1383,8.4600437220568914,census_2020_first_names_by_sex
Bret,male,25548,25304,244,0.990449,0.009551,1384,8.4587193570409163,census_2020_first_names_by_sex
Maryjane,female,25541,37,25504,0.001449,0.998551,1385,8.4564017182629563,census_2020_first_names_by_sex
Jodie,female,25495,1607,23888,0.063032,0.936968,1386,8.4411715205792284,census_2020_first_names_by_sex
Carissa,female,25327,28,25299,0.001106,0.998894,1387,8.3855481899082225,census_2020_first_names_by_sex
Kingston,male,25248,25055,193,0.992356,0.007644,1388,8.3593919808426893,census_2020_first_names_by_sex
Aileen,female,25227,33,25194,0.001308,0.998692,1389,8.3524390645088129,census_2020_first_names_by_sex
Katelynn,female,25135,34,25101,0.001353,0.998647,1390,8.3219786691413571,census_2020_first_names_by_sex
Blaine,male,25082,24030,1052,0.958058,0.041942,1391,8.304430832679671,census_2020_first_names_by_sex
Susanne,female,25061,17,25044,0.000678,0.999322,1392,8.2974779163457946,census_2020_first_names_by_sex
Mae,female,25052,145,24907,0.005788,0.994212,1393,8.2944980950598488,census_2020_first_names_by_sex
Cherie,female,25040,22,25018,0.000879,0.999121,1394,8.2905250000119199,census_2020_first_names_by_sex
Haylee,female,24993,39,24954,0.001560,0.998440,1395,8.2749637110741983,census_2020_first_names_by_sex
Juliette,female,24966,27,24939,0.001081,0.998919,1396,8.2660242472163574,census_2020_first_names_by_sex
Morris,male,24900,24705,195,0.992169,0.007831,1397,8.2441722244527469,census_2020_first_names_by_sex
Shanna,female,24889,44,24845,0.001768,0.998232,1398,8.2405302206588118,census_2020_first_names_by_sex
German,male,24881,24775,106,0.995740,0.004260,1399,8.2378814906268598,census_2020_first_names_by_sex
Cathleen,female,24815,25,24790,0.001007,0.998993,1400,8.2160294678632493,census_2020_first_names_by_sex
Isla,female,24788,38,24750,0.001533,0.998467,1401,8.2070900040054102,census_2020_first_names_by_sex
Mara,female,24761,119,24642,0.004806,0.995194,1402,8.1981505401475694,census_2020_first_names_by_sex
Tatum,neutral,24725,5091,19634,0.205905,0.794095,1403,8.1862312550037828,census_2020_first_names_by_sex
Presley,neutral,24721,3261,21460,0.131912,0.868088,1404,8.1849068899878059,census_2020_first_names_by_sex
Adolfo,male,24707,24661,46,0.998138,0.001862,1405,8.1802716124318895,census_2020_first_names_by_sex
Brynn,female,24675,323,24352,0.013090,0.986910,1406,8.169676692304078,census_2020_first_names_by_sex
Finn,male,24643,24204,439,0.982186,0.017814,1407,8.1590817721762665,census_2020_first_names_by_sex
Winston,male,24635,24474,161,0.993465,0.006535,1408,8.1564330421443145,census_2020_first_names_by_sex
Phoenix,neutral,24525,14926,9599,0.608603,0.391397,1409,8.1200130042049654,census_2020_first_names_by_sex
Emiliano,male,24489,24376,113,0.995386,0.004614,1410,8.1080937190611788,census_2020_first_names_by_sex
Alonzo,male,24457,24389,68,0.997220,0.002780,1411,8.0974987989333673,census_2020_first_names_by_sex
Randal,male,24441,24297,144,0.994108,0.005892,1412,8.0922013388694616,census_2020_first_names_by_sex
Candy,female,24305,147,24158,0.006048,0.993952,1413,8.0471729283262654,census_2020_first_names_by_sex
Hilary,female,24293,1157,23136,0.047627,0.952373,1414,8.0431998332783383,census_2020_first_names_by_sex
Heath,male,24261,24081,180,0.992581,0.007419,1415,8.0326049131505268,census_2020_first_names_by_sex
Stephan,male,24256,24003,253,0.989570,0.010430,1416,8.0309494568805544,census_2020_first_names_by_sex
Viola,female,24135,51,24084,0.002113,0.997887,1417,7.990887415147272,census_2020_first_names_by_sex
Virgil,male,24101,23876,225,0.990664,0.009336,1418,7.979630312511472,census_2020_first_names_by_sex
Ximena,female,24081,77,24004,0.003198,0.996802,1419,7.9730084874315903,census_2020_first_names_by_sex
Eve,female,24079,128,23951,0.005316,0.994684,1420,7.9723463049236019,census_2020_first_names_by_sex
Man,neutral,23979,20972,3007,0.874599,0.125401,1421,7.9392371795241932,census_2020_first_names_by_sex
Zackary,male,23961,23922,39,0.998372,0.001628,1422,7.9332775369522999,census_2020_first_names_by_sex
Jonas,male,23952,23858,94,0.996075,0.003925,1423,7.9302977156663532,census_2020_first_names_by_sex
Malia,female,23945,57,23888,0.002380,0.997620,1424,7.927980076888395,census_2020_first_names_by_sex
Taryn,female,23866,576,23290,0.024135,0.975865,1425,7.9018238678228627,census_2020_first_names_by_sex
Yasmin,female,23817,87,23730,0.003653,0.996347,1426,7.8856003963771526,census_2020_first_names_by_sex
Flor,female,23797,404,23393,0.016977,0.983023,1427,7.8789785712972709,census_2020_first_names_by_sex
Sterling,male,23791,21469,2322,0.902400,0.097600,1428,7.8769920237733055,census_2020_first_names_by_sex
Norah,female,23775,100,23675,0.004206,0.995794,1429,7.8716945637094007,census_2020_first_names_by_sex
Ofelia,female,23765,53,23712,0.002230,0.997770,1430,7.8683836511694594,census_2020_first_names_by_sex
Tiana,female,23698,44,23654,0.001857,0.998143,1431,7.8462005371518559,census_2020_first_names_by_sex
Angelique,female,23666,28,23638,0.001183,0.998817,1432,7.8356056170240453,census_2020_first_names_by_sex
Conor,male,23662,23544,118,0.995013,0.004987,1433,7.8342812520080676,census_2020_first_names_by_sex
Maura,female,23594,63,23531,0.002670,0.997330,1434,7.8117670467364704,census_2020_first_names_by_sex
Jayne,female,23569,57,23512,0.002418,0.997582,1435,7.8034897653866189,census_2020_first_names_by_sex
Darrin,male,23564,23456,108,0.995417,0.004583,1436,7.8018343091166473,census_2020_first_names_by_sex
Rebeca,female,23561,34,23527,0.001443,0.998557,1437,7.800841035354666,census_2020_first_names_by_sex
Harmony,female,23558,104,23454,0.004415,0.995585,1438,7.7998477615926838,census_2020_first_names_by_sex
Edmund,male,23553,23527,26,0.998896,0.001104,1439,7.7981923053227122,census_2020_first_names_by_sex
Fabiola,female,23548,63,23485,0.002675,0.997325,1440,7.7965368490527425,census_2020_first_names_by_sex
Larissa,female,23539,31,23508,0.001317,0.998683,1441,7.7935570277667958,census_2020_first_names_by_sex
Ryleigh,female,23525,294,23231,0.012497,0.987503,1442,7.7889217502108785,census_2020_first_names_by_sex
Evangeline,female,23505,33,23472,0.001404,0.998596,1443,7.7822999251309968,census_2020_first_names_by_sex
Kali,female,23482,696,22786,0.029640,0.970360,1444,7.7746848262891337,census_2020_first_names_by_sex
Mabel,female,23468,63,23405,0.002685,0.997315,1445,7.7700495487332155,census_2020_first_names_by_sex
Holden,male,23449,23191,258,0.988997,0.011003,1446,7.7637588149073284,census_2020_first_names_by_sex
Aisha,female,23439,59,23380,0.002517,0.997483,1447,7.7604479023673871,census_2020_first_names_by_sex
Stefan,male,23384,23261,123,0.994740,0.005260,1448,7.7422378833977117,census_2020_first_names_by_sex
Myron,male,23379,23188,191,0.991830,0.008170,1449,7.7405824271277419,census_2020_first_names_by_sex
Vladimir,male,23369,23332,37,0.998417,0.001583,1450,7.7372715145878015,census_2020_first_names_by_sex
Conrad,male,23269,23217,52,0.997765,0.002235,1451,7.7041623891883928,census_2020_first_names_by_sex
Irina,female,23266,23,23243,0.000989,0.999011,1452,7.7031691154264097,census_2020_first_names_by_sex
Estela,female,23239,53,23186,0.002281,0.997719,1453,7.6942296515685697,census_2020_first_names_by_sex
Julissa,female,23238,38,23200,0.001635,0.998365,1454,7.693898560314576,census_2020_first_names_by_sex
Domingo,male,23214,23114,100,0.995692,0.004308,1455,7.6859523702187182,census_2020_first_names_by_sex
Kendrick,male,23191,22907,284,0.987754,0.012246,1456,7.6783372713768543,census_2020_first_names_by_sex
Elaina,female,23181,34,23147,0.001467,0.998533,1457,7.675026358836913,census_2020_first_names_by_sex
Zack,male,23160,23107,53,0.997712,0.002288,1458,7.6680734425030375,census_2020_first_names_by_sex
Velma,female,23131,60,23071,0.002594,0.997406,1459,7.6584717961372091,census_2020_first_names_by_sex
Katy,female,23113,39,23074,0.001687,0.998313,1460,7.6525121535653158,census_2020_first_names_by_sex
Waylon,male,23106,22976,130,0.994374,0.005626,1461,7.6501945147873558,census_2020_first_names_by_sex
Arielle,female,23086,59,23027,0.002556,0.997444,1462,7.6435726897074758,census_2020_first_names_by_sex
Liz,female,23084,92,22992,0.003985,0.996015,1463,7.6429105071994874,census_2020_first_names_by_sex
Maximus,male,23038,22990,48,0.997916,0.002084,1464,7.6276803095157577,census_2020_first_names_by_sex
Petra,female,22965,91,22874,0.003963,0.996037,1465,7.6035106479741907,census_2020_first_names_by_sex
Kailey,female,22962,51,22911,0.002221,0.997779,1466,7.6025173742122076,census_2020_first_names_by_sex
Kenya,female,22943,1522,21421,0.066338,0.933662,1467,7.5962266403863206,census_2020_first_names_by_sex
Ericka,female,22932,53,22879,0.002311,0.997689,1468,7.5925846365923855,census_2020_first_names_by_sex
Cary,neutral,22895,18075,4820,0.789474,0.210526,1469,7.5803342601946042,census_2020_first_names_by_sex
Georgina,female,22892,30,22862,0.001311,0.998689,1470,7.579340986432622,census_2020_first_names_by_sex
Gael,male,22880,22012,868,0.962063,0.037937,1471,7.5753678913846922,census_2020_first_names_by_sex
Marcela,female,22861,92,22769,0.004024,0.995976,1472,7.5690771575588052,census_2020_first_names_by_sex
Reina,female,22833,62,22771,0.002715,0.997285,1473,7.5598066024469706,census_2020_first_names_by_sex
Quinton,male,22799,22699,100,0.995614,0.004386,1474,7.5485494998111724,census_2020_first_names_by_sex
Romeo,male,22794,22714,80,0.996490,0.003510,1475,7.5468940435412017,census_2020_first_names_by_sex
Thanh,neutral,22782,14126,8656,0.620051,0.379949,1476,7.542920948493272,census_2020_first_names_by_sex
Staci,female,22758,56,22702,0.002461,0.997539,1477,7.5349747583974152,census_2020_first_names_by_sex
Laurence,male,22752,21587,1165,0.948796,0.051204,1478,7.5329882108734498,census_2020_first_names_by_sex
Bradford,male,22735,22685,50,0.997801,0.002199,1479,7.5273596595555503,census_2020_first_names_by_sex
Walker,male,22716,22185,531,0.976624,0.023376,1480,7.5210689257296632,census_2020_first_names_by_sex
Darcy,female,22714,2264,20450,0.099674,0.900326,1481,7.5204067432216748,census_2020_first_names_by_sex
Latasha,female,22706,34,22672,0.001497,0.998503,1482,7.5177580131897219,census_2020_first_names_by_sex
Maryanne,female,22681,19,22662,0.000838,0.999162,1483,7.5094807318398695,census_2020_first_names_by_sex
Rosalinda,female,22652,34,22618,0.001501,0.998499,1484,7.4998790854740411,census_2020_first_names_by_sex
Kristian,neutral,22646,16969,5677,0.749316,0.250684,1485,7.4978925379500767,census_2020_first_names_by_sex
Lia,female,22644,230,22414,0.010157,0.989843,1486,7.4972303554420883,census_2020_first_names_by_sex
Willard,male,22615,22527,88,0.996109,0.003891,1487,7.4876287090762599,census_2020_first_names_by_sex
Quincy,neutral,22587,19115,3472,0.846283,0.153717,1488,7.4783581539644262,census_2020_first_names_by_sex
Pierre,male,22575,22384,191,0.991539,0.008461,1489,7.4743850589164964,census_2020_first_names_by_sex
Brantley,male,22527,21815,712,0.968393,0.031607,1490,7.4584926787247809,census_2020_first_names_by_sex
Manuela,female,22516,162,22354,0.007195,0.992805,1491,7.4548506749308459,census_2020_first_names_by_sex
Brenden,male,22501,22385,116,0.994845,0.005155,1492,7.4498843061209348,census_2020_first_names_by_sex
Cierra,female,22464,29,22435,0.001291,0.998709,1493,7.4376339297231526,census_2020_first_names_by_sex
Gale,neutral,22462,5751,16711,0.256032,0.743968,1494,7.436971747215166,census_2020_first_names_by_sex
King,male,22343,21692,651,0.970863,0.029137,1495,7.3975718879898693,census_2020_first_names_by_sex
Eugenia,female,22296,55,22241,0.002467,0.997533,1496,7.3820105990521458,census_2020_first_names_by_sex
Dorian,neutral,22292,18044,4248,0.809438,0.190562,1497,7.3806862340361707,census_2020_first_names_by_sex
Branden,male,22284,22072,212,0.990486,0.009514,1498,7.3780375040042179,census_2020_first_names_by_sex
Gonzalo,male,22281,22226,55,0.997532,0.002468,1499,7.3770442302422357,census_2020_first_names_by_sex
Greta,female,22240,27,22213,0.001214,0.998786,1500,7.3634694888284775,census_2020_first_names_by_sex
Milagros,female,22183,118,22065,0.005319,0.994681,1501,7.3445972873508154,census_2020_first_names_by_sex
Young,neutral,22168,10232,11936,0.461566,0.538434,1502,7.3396309185409034,census_2020_first_names_by_sex
Keisha,female,22143,41,22102,0.001852,0.998148,1503,7.3313536371910519,census_2020_first_names_by_sex
Leann,female,22094,52,22042,0.002354,0.997646,1504,7.3151301657453418,census_2020_first_names_by_sex
Carey,neutral,22072,10827,11245,0.490531,0.509469,1505,7.3078461581574716,census_2020_first_names_by_sex
Izabella,female,22063,30,22033,0.001360,0.998640,1506,7.304866336871525,census_2020_first_names_by_sex
May,female,22045,530,21515,0.024042,0.975958,1507,7.2989066942996317,census_2020_first_names_by_sex
Zachery,male,22042,22007,35,0.998412,0.001588,1508,7.2979134205376486,census_2020_first_names_by_sex
Griselda,female,22014,38,21976,0.001726,0.998274,1509,7.2886428654258149,census_2020_first_names_by_sex
Kamryn,neutral,22000,3198,18802,0.145364,0.854636,1510,7.2840075878698967,census_2020_first_names_by_sex
Nia,female,21920,106,21814,0.004836,0.995164,1511,7.2575202875503697,census_2020_first_names_by_sex
Annemarie,female,21912,19,21893,0.000867,0.999133,1512,7.2548715575184177,census_2020_first_names_by_sex
Kiana,female,21865,67,21798,0.003064,0.996936,1513,7.239310268580696,census_2020_first_names_by_sex
Hallie,female,21841,322,21519,0.014743,0.985257,1514,7.2313640784848374,census_2020_first_names_by_sex
Camilla,female,21840,44,21796,0.002015,0.997985,1515,7.2310329872308428,census_2020_first_names_by_sex
Mollie,female,21829,30,21799,0.001374,0.998626,1516,7.2273909834369094,census_2020_first_names_by_sex
Trudy,female,21824,22,21802,0.001008,0.998992,1517,7.2257355271669379,census_2020_first_names_by_sex
Alba,female,21789,136,21653,0.006242,0.993758,1518,7.214147333277146,census_2020_first_names_by_sex
Yadira,female,21780,58,21722,0.002663,0.997337,1519,7.2111675119911975,census_2020_first_names_by_sex
Landen,male,21743,21537,206,0.990526,0.009474,1520,7.1989171355934163,census_2020_first_names_by_sex
Adela,female,21729,60,21669,0.002761,0.997239,1521,7.1942818580374999,census_2020_first_names_by_sex
Darwin,male,21720,21552,168,0.992265,0.007735,1522,7.1913020367515532,census_2020_first_names_by_sex
Colette,female,21691,13,21678,0.000599,0.999401,1523,7.1817003903857239,census_2020_first_names_by_sex
Verna,female,21649,118,21531,0.005451,0.994549,1524,7.1677945577179729,census_2020_first_names_by_sex
Fernanda,female,21648,161,21487,0.007437,0.992563,1525,7.1674634664639791,census_2020_first_names_by_sex
Nate,male,21610,21302,308,0.985747,0.014253,1526,7.1548819988122041,census_2020_first_names_by_sex
Monika,female,21582,19,21563,0.000880,0.999120,1527,7.1456114437003686,census_2020_first_names_by_sex
Rhett,male,21549,21319,230,0.989327,0.010673,1528,7.1346854323185642,census_2020_first_names_by_sex
Zander,male,21549,21429,120,0.994431,0.005569,1528,7.1346854323185642,census_2020_first_names_by_sex
Judah,male,21541,20977,564,0.973817,0.026183,1530,7.1320367022866122,census_2020_first_names_by_sex
Amalia,female,21522,49,21473,0.002277,0.997723,1531,7.1257459684607243,census_2020_first_names_by_sex
Bridgette,female,21502,34,21468,0.001581,0.998419,1532,7.1191241433808425,census_2020_first_names_by_sex
Ibrahim,male,21501,21444,57,0.997349,0.002651,1533,7.1187930521268488,census_2020_first_names_by_sex
Wilfredo,male,21456,21420,36,0.998322,0.001678,1534,7.1038939456971137,census_2020_first_names_by_sex
Elisha,neutral,21425,9306,12119,0.434352,0.565648,1535,7.0936301168232969,census_2020_first_names_by_sex
Fidel,male,21420,21334,86,0.995985,0.004015,1536,7.0919746605533271,census_2020_first_names_by_sex
Otis,male,21414,21254,160,0.992528,0.007472,1537,7.0899881130293618,census_2020_first_names_by_sex
Elvia,female,21399,89,21310,0.004159,0.995841,1538,7.0850217442194516,census_2020_first_names_by_sex
Issac,male,21365,21284,81,0.996209,0.003791,1539,7.0737646415836517,census_2020_first_names_by_sex
Milo,male,21333,20905,428,0.979937,0.020063,1540,7.063169721455842,census_2020_first_names_by_sex
Nova,female,21292,1631,19661,0.076602,0.923398,1541,7.0495949800420847,census_2020_first_names_by_sex
Mickey,neutral,21288,17363,3925,0.815624,0.184376,1542,7.0482706150261079,census_2020_first_names_by_sex
Sondra,female,21227,18,21209,0.000848,0.999152,1543,7.028074048532468,census_2020_first_names_by_sex
Jarrod,male,21186,21162,24,0.998867,0.001133,1544,7.0144993071187107,census_2020_first_names_by_sex
Rocky,male,21181,20817,364,0.982815,0.017185,1545,7.012843850848741,census_2020_first_names_by_sex
Jeanine,female,21164,15,21149,0.000709,0.999291,1546,7.0072152995308414,census_2020_first_names_by_sex
Nestor,male,21159,21109,50,0.997637,0.002363,1547,7.0055598432608699,census_2020_first_names_by_sex
Hong,neutral,21082,6188,14894,0.293521,0.706479,1548,6.980065816703326,census_2020_first_names_by_sex
Imani,female,21080,969,20111,0.045968,0.954032,1549,6.9794036341953376,census_2020_first_names_by_sex
Lamar,male,21069,20207,862,0.959087,0.040913,1550,6.9757616304014025,census_2020_first_names_by_sex
Mari,female,21045,511,20534,0.024281,0.975719,1551,6.9678154403055448,census_2020_first_names_by_sex
Ari,neutral,21038,15636,5402,0.743227,0.256773,1552,6.9654978015275857,census_2020_first_names_by_sex
Antoine,male,21025,20852,173,0.991772,0.008228,1553,6.961193615225663,census_2020_first_names_by_sex
Deandre,male,21024,20740,284,0.986492,0.013508,1554,6.9608625239716693,census_2020_first_names_by_sex
Gertrude,female,20978,37,20941,0.001764,0.998236,1555,6.9456323262879405,census_2020_first_names_by_sex
Abdul,male,20968,20915,53,0.997472,0.002528,1556,6.9423214137480009,census_2020_first_names_by_sex
Margo,female,20948,136,20812,0.006492,0.993508,1557,6.9356995886681192,census_2020_first_names_by_sex
Minnie,female,20922,75,20847,0.003585,0.996415,1558,6.9270912160642721,census_2020_first_names_by_sex
Roxana,female,20917,31,20886,0.001482,0.998518,1559,6.9254357597943024,census_2020_first_names_by_sex
Bessie,female,20905,47,20858,0.002248,0.997752,1560,6.9214626647463726,census_2020_first_names_by_sex
Ashlynn,female,20889,37,20852,0.001771,0.998229,1561,6.9161652046824669,census_2020_first_names_by_sex
Barrett,male,20844,19992,852,0.959125,0.040875,1562,6.9012660982527336,census_2020_first_names_by_sex
Imelda,female,20817,21,20796,0.001009,0.998991,1563,6.8923266343948937,census_2020_first_names_by_sex
Osvaldo,male,20816,20780,36,0.998271,0.001729,1564,6.891995543140899,census_2020_first_names_by_sex
Stewart,male,20783,20547,236,0.988645,0.011355,1565,6.8810695317590937,census_2020_first_names_by_sex
Heaven,female,20769,365,20404,0.017574,0.982426,1566,6.8764342542031773,census_2020_first_names_by_sex
Everly,female,20767,88,20679,0.004237,0.995763,1567,6.8757720716951889,census_2020_first_names_by_sex
Paxton,male,20759,19141,1618,0.922058,0.077942,1568,6.8731233416632369,census_2020_first_names_by_sex
Zachariah,male,20718,20647,71,0.996573,0.003427,1569,6.8595486002494788,census_2020_first_names_by_sex
Tristen,neutral,20670,17070,3600,0.825835,0.174165,1570,6.8436562200577633,census_2020_first_names_by_sex
Mai,female,20650,715,19935,0.034625,0.965375,1571,6.8370343949778816,census_2020_first_names_by_sex
Alton,male,20582,20478,104,0.994947,0.005053,1572,6.8145201897062835,census_2020_first_names_by_sex
Sheena,female,20577,25,20552,0.001215,0.998785,1573,6.8128647334363128,census_2020_first_names_by_sex
Tobias,male,20558,20464,94,0.995428,0.004572,1574,6.8065739996104249,census_2020_first_names_by_sex
Raphael,male,20518,20286,232,0.988693,0.011307,1575,6.7933303494506614,census_2020_first_names_by_sex
Della,female,20486,53,20433,0.002587,0.997413,1576,6.7827354293228499,census_2020_first_names_by_sex
Emilie,female,20479,35,20444,0.001709,0.998291,1577,6.7804177905448917,census_2020_first_names_by_sex
Audra,female,20405,89,20316,0.004362,0.995638,1578,6.7559170377493292,census_2020_first_names_by_sex
Mariela,female,20404,52,20352,0.002549,0.997451,1579,6.7555859464953345,census_2020_first_names_by_sex
Cadence,female,20403,1375,19028,0.067392,0.932608,1580,6.7552548552413416,census_2020_first_names_by_sex
Alessandra,female,20401,42,20359,0.002059,0.997941,1581,6.7545926727333532,census_2020_first_names_by_sex
Emilee,female,20367,20,20347,0.000982,0.999018,1582,6.7433355700975541,census_2020_first_names_by_sex
Phuong,neutral,20364,3815,16549,0.187340,0.812660,1583,6.7423422963355728,census_2020_first_names_by_sex
Skye,neutral,20357,2323,18034,0.114113,0.885887,1584,6.7400246575576128,census_2020_first_names_by_sex
Dee,neutral,20339,4513,15826,0.221889,0.778111,1585,6.7340650149857195,census_2020_first_names_by_sex
Darnell,male,20319,18734,1585,0.921994,0.078006,1586,6.7274431899058378,census_2020_first_names_by_sex
Marcelo,male,20317,20248,69,0.996604,0.003396,1587,6.7267810073978493,census_2020_first_names_by_sex
Reece,neutral,20295,16306,3989,0.803449,0.196551,1588,6.7194969998099809,census_2020_first_names_by_sex
Alanna,female,20264,24,20240,0.001184,0.998816,1589,6.7092331709361641,census_2020_first_names_by_sex
Rena,female,20224,192,20032,0.009494,0.990506,1590,6.6959895207764006,census_2020_first_names_by_sex
Alberta,female,20221,150,20071,0.007418,0.992582,1591,6.6949962470144175,census_2020_first_names_by_sex
Ayla,female,20202,32,20170,0.001584,0.998416,1592,6.6887055131885305,census_2020_first_names_by_sex
Royce,male,20155,18537,1618,0.919722,0.080278,1593,6.6731442242508088,census_2020_first_names_by_sex
Deana,female,20148,20,20128,0.000993,0.999007,1594,6.6708265854728488,census_2020_first_names_by_sex
Hattie,female,20079,40,20039,0.001992,0.998008,1595,6.6479812889472569,census_2020_first_names_by_sex
Syed,male,20064,19887,177,0.991178,0.008822,1596,6.6430149201373467,census_2020_first_names_by_sex
Marybeth,female,20059,12,20047,0.000598,0.999402,1597,6.6413594638673752,census_2020_first_names_by_sex
Rocco,male,20056,20015,41,0.997956,0.002044,1598,6.6403661901053939,census_2020_first_names_by_sex
Anh,neutral,20050,5473,14577,0.272968,0.727032,1599,6.6383796425814285,census_2020_first_names_by_sex
Aden,male,20018,19265,753,0.962384,0.037616,1600,6.6277847224536179,census_2020_first_names_by_sex
Lionel,male,20014,19960,54,0.997302,0.002698,1601,6.6264603574376419,census_2020_first_names_by_sex
Jaqueline,female,20013,42,19971,0.002099,0.997901,1602,6.6261292661836482,census_2020_first_names_by_sex
Leanna,female,20013,17,19996,0.000849,0.999151,1602,6.6261292661836482,census_2020_first_names_by_sex
Marcy,female,19966,158,19808,0.007913,0.992087,1604,6.6105679772459265,census_2020_first_names_by_sex
Bernardo,male,19954,19916,38,0.998096,0.001904,1605,6.6065948821979967,census_2020_first_names_by_sex
Adele,female,19901,99,19802,0.004975,0.995025,1606,6.5890470457363097,census_2020_first_names_by_sex
Nathalie,female,19885,45,19840,0.002263,0.997737,1607,6.5837495856724049,census_2020_first_names_by_sex
Uriel,male,19855,19578,277,0.986049,0.013951,1610,6.5738168480525818,census_2020_first_names_by_sex
Aniyah,female,19849,36,19813,0.001814,0.998186,1611,6.5718303005286183,census_2020_first_names_by_sex
Octavio,male,19763,19695,68,0.996559,0.003441,1613,6.543356452685126,census_2020_first_names_by_sex
Johnathon,male,19727,19700,27,0.998631,0.001369,1615,6.5314371675413394,census_2020_first_names_by_sex
Bobbi,female,19715,192,19523,0.009739,0.990261,1616,6.5274640724934097,census_2020_first_names_by_sex
Keaton,male,19688,18501,1187,0.939709,0.060291,1617,6.5185246086355697,census_2020_first_names_by_sex
Luther,male,19674,19596,78,0.996035,0.003965,1618,6.5138893310796524,census_2020_first_names_by_sex
Mirna,female,19640,38,19602,0.001935,0.998065,1619,6.5026322284438542,census_2020_first_names_by_sex
Gregorio,male,19632,19577,55,0.997198,0.002802,1620,6.4999834984119005,census_2020_first_names_by_sex
Vilma,female,19610,46,19564,0.002346,0.997654,1621,6.4926994908240312,census_2020_first_names_by_sex
Jewel,female,19581,1488,18093,0.075992,0.924008,1622,6.4830978444582028,census_2020_first_names_by_sex
Kody,male,19578,18914,664,0.966084,0.033916,1623,6.4821045706962206,census_2020_first_names_by_sex
Socorro,female,19525,1238,18287,0.063406,0.936594,1626,6.4645567342345336,census_2020_first_names_by_sex
Gillian,female,19505,194,19311,0.009946,0.990054,1627,6.4579349091546518,census_2020_first_names_by_sex
Jami,female,19459,759,18700,0.039005,0.960995,1628,6.4427047114709239,census_2020_first_names_by_sex
Benito,male,19429,19378,51,0.997375,0.002625,1629,6.4327719738511018,census_2020_first_names_by_sex
Nelly,female,19416,182,19234,0.009374,0.990626,1630,6.4284677875491782,census_2020_first_names_by_sex
Jase,male,19380,19227,153,0.992105,0.007895,1632,6.4165485024053917,census_2020_first_names_by_sex
Cash,male,19369,19187,182,0.990604,0.009396,1633,6.4129064986114566,census_2020_first_names_by_sex
Anton,male,19345,19282,63,0.996743,0.003257,1634,6.4049603085155979,census_2020_first_names_by_sex
Christi,female,19328,67,19261,0.003466,0.996534,1635,6.3993317571976984,census_2020_first_names_by_sex
Adalyn,female,19327,19,19308,0.000983,0.999017,1636,6.3990006659437046,census_2020_first_names_by_sex
Teddy,male,19310,18246,1064,0.944899,0.055101,1637,6.3933721146258051,census_2020_first_names_by_sex
Nayeli,female,19291,47,19244,0.002436,0.997564,1638,6.3870813807999172,census_2020_first_names_by_sex
Jefferson,male,19267,19197,70,0.996367,0.003633,1639,6.3791351907040585,census_2020_first_names_by_sex
Isaias,male,19228,19094,134,0.993031,0.006969,1640,6.3662226317982897,census_2020_first_names_by_sex
Chasity,female,19224,21,19203,0.001092,0.998908,1641,6.3648982667823137,census_2020_first_names_by_sex
Maryam,female,19209,34,19175,0.001770,0.998230,1642,6.3599318979724018,census_2020_first_names_by_sex
Tiara,female,19168,54,19114,0.002817,0.997183,1643,6.3463571565586445,census_2020_first_names_by_sex
Leeann,female,19154,21,19133,0.001096,0.998904,1644,6.3417218790027281,census_2020_first_names_by_sex
Tate,male,19139,17922,1217,0.936413,0.063587,1645,6.3367555101928161,census_2020_first_names_by_sex
Helene,female,19118,20,19098,0.001046,0.998954,1646,6.3298025938589397,census_2020_first_names_by_sex
Dalia,female,19080,53,19027,0.002778,0.997222,1647,6.3172211262071647,census_2020_first_names_by_sex
Maddison,female,19066,139,18927,0.007290,0.992710,1648,6.3125858486512483,census_2020_first_names_by_sex
Olive,female,19050,218,18832,0.011444,0.988556,1649,6.3072883885873425,census_2020_first_names_by_sex
Marisela,female,19047,33,19014,0.001733,0.998267,1650,6.3062951148253612,census_2020_first_names_by_sex
Gemma,female,19024,33,18991,0.001735,0.998265,1651,6.2986800159834964,census_2020_first_names_by_sex
Jarrett,male,19020,18882,138,0.992744,0.007256,1652,6.2973556509675195,census_2020_first_names_by_sex
Lorie,female,19014,85,18929,0.004470,0.995530,1653,6.2953691034435559,census_2020_first_names_by_sex
Darrel,male,18962,18856,106,0.994410,0.005590,1654,6.2781523582358627,census_2020_first_names_by_sex
Heriberto,male,18954,18929,25,0.998681,0.001319,1655,6.2755036282039107,census_2020_first_names_by_sex
Aldo,male,18932,18893,39,0.997940,0.002060,1656,6.2682196206160405,census_2020_first_names_by_sex
Kiera,female,18929,53,18876,0.002800,0.997200,1657,6.2672263468540592,census_2020_first_names_by_sex
Melisa,female,18912,28,18884,0.001481,0.998519,1658,6.2615977955361588,census_2020_first_names_by_sex
Jeri,female,18868,350,18518,0.018550,0.981450,1660,6.2470297803604193,census_2020_first_names_by_sex
Jeannine,female,18843,14,18829,0.000743,0.999257,1661,6.2387524990105669,census_2020_first_names_by_sex
Rylie,female,18814,1063,17751,0.056500,0.943500,1663,6.2291508526447386,census_2020_first_names_by_sex
Tamika,female,18804,42,18762,0.002234,0.997766,1664,6.2258399401047972,census_2020_first_names_by_sex
Maryjo,female,18800,12,18788,0.000638,0.999362,1665,6.2245155750888221,census_2020_first_names_by_sex
Rudolph,male,18795,18757,38,0.997978,0.002022,1666,6.2228601188188506,census_2020_first_names_by_sex
Lauryn,female,18761,37,18724,0.001972,0.998028,1668,6.2116030161830516,census_2020_first_names_by_sex
Ezequiel,male,18752,18700,52,0.997227,0.002773,1669,6.2086231948971049,census_2020_first_names_by_sex
Kaylie,female,18680,32,18648,0.001713,0.998287,1670,6.1847846246095317,census_2020_first_names_by_sex
Tatyana,female,18670,22,18648,0.001178,0.998822,1672,6.1814737120695904,census_2020_first_names_by_sex
Susanna,female,18587,12,18575,0.000646,0.999354,1674,6.1539931379880803,census_2020_first_names_by_sex
Minerva,female,18562,16,18546,0.000862,0.999138,1675,6.1457158566382288,census_2020_first_names_by_sex
Kenzie,female,18539,421,18118,0.022709,0.977291,1676,6.1381007577963649,census_2020_first_names_by_sex
Tonia,female,18527,52,18475,0.002807,0.997193,1677,6.1341276627484351,census_2020_first_names_by_sex
Hassan,male,18513,18452,61,0.996705,0.003295,1678,6.1294923851925187,census_2020_first_names_by_sex
Elvis,male,18506,18167,339,0.981682,0.018318,1679,6.1271747464145596,census_2020_first_names_by_sex
Titus,male,18502,18446,56,0.996973,0.003027,1680,6.1258503813985836,census_2020_first_names_by_sex
Lowell,male,18468,18309,159,0.991391,0.008609,1681,6.1145932787627846,census_2020_first_names_by_sex
Emely,female,18465,56,18409,0.003033,0.996967,1682,6.1136000050008015,census_2020_first_names_by_sex
Jairo,male,18460,18412,48,0.997400,0.002600,1683,6.1119445487308317,census_2020_first_names_by_sex
Amie,female,18454,54,18400,0.002926,0.997074,1684,6.1099580012068682,census_2020_first_names_by_sex
Elia,female,18430,1282,17148,0.069560,0.930440,1685,6.1020118111110095,census_2020_first_names_by_sex
Patrica,female,18427,78,18349,0.004233,0.995767,1686,6.1010185373490264,census_2020_first_names_by_sex
Brianne,female,18375,35,18340,0.001905,0.998095,1687,6.083801792141335,census_2020_first_names_by_sex
Nikolas,male,18364,18307,57,0.996896,0.003104,1688,6.080159788347399,census_2020_first_names_by_sex
Carina,female,18338,26,18312,0.001418,0.998582,1689,6.0715514157435528,census_2020_first_names_by_sex
Elva,female,18332,238,18094,0.012983,0.987017,1690,6.0695648682195893,census_2020_first_names_by_sex
Liza,female,18271,27,18244,0.001478,0.998522,1691,6.0493683017259494,census_2020_first_names_by_sex
Raegan,female,18263,235,18028,0.012868,0.987132,1692,6.0467195716939974,census_2020_first_names_by_sex
Hung,male,18256,17325,931,0.949003,0.050997,1693,6.0444019329160383,census_2020_first_names_by_sex
Bruno,male,18245,18184,61,0.996657,0.003343,1694,6.0407599291221032,census_2020_first_names_by_sex
Jamison,male,18241,16447,1794,0.901650,0.098350,1695,6.0394355641061273,census_2020_first_names_by_sex
Carmela,female,18223,49,18174,0.002689,0.997311,1696,6.033475921534234,census_2020_first_names_by_sex
Colt,male,18214,18159,55,0.996980,0.003020,1697,6.0304961002482873,census_2020_first_names_by_sex
Rosalind,female,18210,25,18185,0.001373,0.998627,1698,6.0291717352323104,census_2020_first_names_by_sex
Kiley,female,18180,923,17257,0.050770,0.949230,1700,6.0192389976124874,census_2020_first_names_by_sex
Annika,female,18174,21,18153,0.001155,0.998845,1701,6.0172524500885238,census_2020_first_names_by_sex
Elyse,female,18173,60,18113,0.003302,0.996698,1702,6.0169213588345292,census_2020_first_names_by_sex
Federico,male,18172,18127,45,0.997524,0.002476,1703,6.0165902675805354,census_2020_first_names_by_sex
Sarai,female,18137,63,18074,0.003474,0.996526,1705,6.0050020736907417,census_2020_first_names_by_sex
Adalynn,female,18115,24,18091,0.001325,0.998675,1707,5.9977180661028724,census_2020_first_names_by_sex
Abbey,female,18101,150,17951,0.008287,0.991713,1708,5.9930827885469551,census_2020_first_names_by_sex
Jerald,male,18095,18002,93,0.994860,0.005140,1709,5.9910962410229907,census_2020_first_names_by_sex
Amina,female,18079,52,18027,0.002876,0.997124,1711,5.9857987809590849,census_2020_first_names_by_sex
Baylee,female,18060,547,17513,0.030288,0.969712,1712,5.9795080471331978,census_2020_first_names_by_sex
Micaela,female,18047,35,18012,0.001939,0.998061,1713,5.9752038608312743,census_2020_first_names_by_sex
India,female,18045,54,17991,0.002993,0.997007,1714,5.9745416783232859,census_2020_first_names_by_sex
Cyrus,male,17992,17879,113,0.993719,0.006281,1715,5.9569938418615989,census_2020_first_names_by_sex
Damaris,female,17973,386,17587,0.021477,0.978523,1716,5.9507031080357118,census_2020_first_names_by_sex
Madalyn,female,17973,25,17948,0.001391,0.998609,1716,5.9507031080357118,census_2020_first_names_by_sex
Vince,male,17881,17813,68,0.996197,0.003803,1719,5.920242712668256,census_2020_first_names_by_sex
Hubert,male,17834,17801,33,0.998150,0.001850,1721,5.9046814237305334,census_2020_first_names_by_sex
Liana,female,17796,29,17767,0.001630,0.998370,1722,5.8920999560787584,census_2020_first_names_by_sex
Sherman,male,17698,17567,131,0.992598,0.007402,1724,5.8596530131873381,census_2020_first_names_by_sex
Eddy,male,17687,16881,806,0.954430,0.045570,1725,5.856011009393403,census_2020_first_names_by_sex
Ursula,female,17672,22,17650,0.001245,0.998755,1726,5.8510446405834919,census_2020_first_names_by_sex
Brendon,male,17654,17575,79,0.995525,0.004475,1727,5.8450849980115986,census_2020_first_names_by_sex
Melina,female,17597,29,17568,0.001648,0.998352,1728,5.8262127965339356,census_2020_first_names_by_sex
Mikaela,female,17596,34,17562,0.001932,0.998068,1729,5.825881705279941,census_2020_first_names_by_sex
Cornelius,male,17595,17434,161,0.990850,0.009150,1730,5.8255506140259472,census_2020_first_names_by_sex
Isidro,male,17557,17504,53,0.996981,0.003019,1731,5.8129691463741722,census_2020_first_names_by_sex
Estella,female,17555,39,17516,0.002222,0.997778,1732,5.8123069638661837,census_2020_first_names_by_sex
Hans,male,17537,17484,53,0.996978,0.003022,1733,5.8063473212942904,census_2020_first_names_by_sex
Claudette,female,17470,24,17446,0.001374,0.998626,1734,5.784164207276687,census_2020_first_names_by_sex
Beckett,male,17466,16695,771,0.955857,0.044143,1735,5.7828398422607101,census_2020_first_names_by_sex
Isiah,male,17463,17368,95,0.994560,0.005440,1736,5.7818465684987279,census_2020_first_names_by_sex
Celina,female,17445,25,17420,0.001433,0.998567,1737,5.7758869259268346,census_2020_first_names_by_sex
Duncan,male,17445,17341,104,0.994038,0.005962,1737,5.7758869259268346,census_2020_first_names_by_sex
Chuck,male,17416,17346,70,0.995981,0.004019,1739,5.7662852795610062,census_2020_first_names_by_sex
Irvin,male,17413,17360,53,0.996956,0.003044,1740,5.7652920057990231,census_2020_first_names_by_sex
Marcel,male,17399,16373,1026,0.941031,0.058969,1741,5.7606567282431058,census_2020_first_names_by_sex
Caiden,male,17391,16908,483,0.972227,0.027773,1742,5.7580079982111538,census_2020_first_names_by_sex
Willis,male,17367,17124,243,0.986008,0.013992,1744,5.7500618081152961,census_2020_first_names_by_sex
Danna,female,17337,235,17102,0.013555,0.986445,1745,5.7401290704954731,census_2020_first_names_by_sex
Karissa,female,17331,20,17311,0.001154,0.998846,1746,5.7381425229715086,census_2020_first_names_by_sex
Anya,female,17277,55,17222,0.003183,0.996817,1747,5.7202635952558278,census_2020_first_names_by_sex
Jax,male,17270,16998,272,0.984250,0.015750,1748,5.7179459564778687,census_2020_first_names_by_sex
Thuy,female,17253,1037,16216,0.060105,0.939895,1749,5.7123174051599701,census_2020_first_names_by_sex
Matteo,male,17236,17199,37,0.997853,0.002147,1750,5.7066888538420706,census_2020_first_names_by_sex
Marquis,male,17235,16888,347,0.979867,0.020133,1751,5.7063577625880759,census_2020_first_names_by_sex
Vance,male,17227,17117,110,0.993615,0.006385,1753,5.7037090325561239,census_2020_first_names_by_sex
Kelsie,female,17217,244,16973,0.014172,0.985828,1754,5.7003981200161826,census_2020_first_names_by_sex
Katlyn,female,17216,39,17177,0.002265,0.997735,1755,5.7000670287621888,census_2020_first_names_by_sex
Angelia,female,17186,23,17163,0.001338,0.998662,1756,5.6901342911423658,census_2020_first_names_by_sex
Khalil,male,17176,16997,179,0.989578,0.010422,1757,5.6868233786024254,census_2020_first_names_by_sex
Gunner,male,17163,17106,57,0.996679,0.003321,1759,5.6825191923005018,census_2020_first_names_by_sex
Joseluis,male,17153,17096,57,0.996677,0.003323,1761,5.6792082797605614,census_2020_first_names_by_sex
Kade,male,17141,16832,309,0.981973,0.018027,1762,5.6752351847126317,census_2020_first_names_by_sex
Teresita,female,17139,15,17124,0.000875,0.999125,1763,5.6745730022046441,census_2020_first_names_by_sex
Dewayne,male,17092,17030,62,0.996373,0.003627,1764,5.6590117132669215,census_2020_first_names_by_sex
Millie,female,17079,65,17014,0.003806,0.996194,1765,5.6547075269649989,census_2020_first_names_by_sex
Reuben,male,17061,17023,38,0.997773,0.002227,1766,5.6487478843931056,census_2020_first_names_by_sex
Lazaro,male,17054,17001,53,0.996892,0.003108,1767,5.6464302456151465,census_2020_first_names_by_sex
Polly,female,17043,56,16987,0.003286,0.996714,1768,5.6427882418212114,census_2020_first_names_by_sex
Itzel,female,17021,133,16888,0.007814,0.992186,1769,5.6355042342333421,census_2020_first_names_by_sex
Kaylin,female,17014,465,16549,0.027330,0.972670,1770,5.633186595455383,census_2020_first_names_by_sex
Archie,male,16983,16611,372,0.978096,0.021904,1771,5.6229227665815662,census_2020_first_names_by_sex
Joselyn,female,16968,115,16853,0.006777,0.993223,1772,5.6179563977716551,census_2020_first_names_by_sex
Deloris,female,16930,39,16891,0.002304,0.997696,1773,5.6053749301198801,census_2020_first_names_by_sex
Cali,female,16918,348,16570,0.020570,0.979430,1774,5.6014018350719503,census_2020_first_names_by_sex
Zayden,male,16862,16691,171,0.989859,0.010141,1778,5.582860724848282,census_2020_first_names_by_sex
Ainsley,female,16841,700,16141,0.041565,0.958435,1780,5.5759078085144065,census_2020_first_names_by_sex
Aspen,female,16836,1598,15238,0.094916,0.905084,1781,5.5742523522444358,census_2020_first_names_by_sex
Amos,male,16832,16769,63,0.996257,0.003743,1782,5.5729279872284598,census_2020_first_names_by_sex
Aron,male,16764,16345,419,0.975006,0.024994,1784,5.5504137819568617,census_2020_first_names_by_sex
Delbert,male,16746,16709,37,0.997791,0.002209,1785,5.5444541393849676,census_2020_first_names_by_sex
Derick,male,16739,16687,52,0.996893,0.003107,1786,5.5421365006070094,census_2020_first_names_by_sex
Svetlana,female,16716,21,16695,0.001256,0.998744,1788,5.5345214017651454,census_2020_first_names_by_sex
Maci,female,16677,42,16635,0.002518,0.997482,1789,5.5216088428593757,census_2020_first_names_by_sex
Kassidy,female,16646,288,16358,0.017301,0.982699,1790,5.5113450139855589,census_2020_first_names_by_sex
Marianna,female,16634,20,16614,0.001202,0.998798,1791,5.5073719189376309,census_2020_first_names_by_sex
Gia,female,16606,682,15924,0.041069,0.958931,1793,5.4981013638257954,census_2020_first_names_by_sex
Earnest,male,16573,16440,133,0.991975,0.008025,1794,5.487175352443991,census_2020_first_names_by_sex
Suzette,female,16531,20,16511,0.001210,0.998790,1795,5.47326951977624,census_2020_first_names_by_sex
Amira,female,16499,90,16409,0.005455,0.994545,1796,5.4626745996484285,census_2020_first_names_by_sex
Nyla,female,16496,29,16467,0.001758,0.998242,1797,5.4616813258864472,census_2020_first_names_by_sex
Nathanael,male,16476,16433,43,0.997390,0.002610,1798,5.4550595008065645,census_2020_first_names_by_sex
Mack,male,16474,16256,218,0.986767,0.013233,1799,5.4543973182985761,census_2020_first_names_by_sex
Raelynn,female,16458,27,16431,0.001641,0.998359,1801,5.4490998582346712,census_2020_first_names_by_sex
Ervin,male,16457,16406,51,0.996901,0.003099,1802,5.4487687669806775,census_2020_first_names_by_sex
Madilyn,female,16441,28,16413,0.001703,0.998297,1804,5.4434713069167717,census_2020_first_names_by_sex
Adelaide,female,16431,33,16398,0.002008,0.997992,1805,5.4401603943768313,census_2020_first_names_by_sex
Jen,female,16431,567,15864,0.034508,0.965492,1805,5.4401603943768313,census_2020_first_names_by_sex
Ernestine,female,16426,48,16378,0.002922,0.997078,1807,5.4385049381068606,census_2020_first_names_by_sex
Latonya,female,16400,23,16377,0.001402,0.998598,1808,5.4298965655030145,census_2020_first_names_by_sex
Abbie,female,16365,162,16203,0.009899,0.990101,1809,5.4183083716132208,census_2020_first_names_by_sex
Lilliana,female,16364,15,16349,0.000917,0.999083,1810,5.417977280359227,census_2020_first_names_by_sex
Arabella,female,16362,23,16339,0.001406,0.998594,1811,5.4173150978512394,census_2020_first_names_by_sex
Selina,female,16344,24,16320,0.001468,0.998532,1812,5.4113554552793453,census_2020_first_names_by_sex
Macie,female,16333,73,16260,0.004469,0.995531,1813,5.407713451485411,census_2020_first_names_by_sex
Inez,female,16321,462,15859,0.028307,0.971693,1814,5.4037403564374813,census_2020_first_names_by_sex
Tanisha,female,16310,24,16286,0.001471,0.998529,1815,5.4000983526435462,census_2020_first_names_by_sex
Prince,male,16301,16030,271,0.983375,0.016625,1816,5.3971185313575996,census_2020_first_names_by_sex
Rich,male,16285,16201,84,0.994842,0.005158,1817,5.3918210712936938,census_2020_first_names_by_sex
Noreen,female,16212,16,16196,0.000987,0.999013,1818,5.367651409752126,census_2020_first_names_by_sex
Jayda,female,16166,77,16089,0.004763,0.995237,1819,5.352421212068398,census_2020_first_names_by_sex
Corina,female,16147,20,16127,0.001239,0.998761,1820,5.3461304782425101,census_2020_first_names_by_sex
Evangelina,female,16121,27,16094,0.001675,0.998325,1821,5.3375221056386639,census_2020_first_names_by_sex
Luciano,male,16069,15991,78,0.995146,0.004854,1823,5.3203053604309716,census_2020_first_names_by_sex
Monte,male,16045,15497,548,0.965846,0.034154,1824,5.3123591703351138,census_2020_first_names_by_sex
Ladonna,female,15996,12,15984,0.000750,0.999250,1825,5.2961356988894037,census_2020_first_names_by_sex
Curt,male,15992,15975,17,0.998937,0.001063,1826,5.2948113338734277,census_2020_first_names_by_sex
Kellen,male,15967,14614,1353,0.915263,0.084737,1827,5.2865340525235753,census_2020_first_names_by_sex
Theo,male,15942,15012,930,0.941664,0.058336,1829,5.2782567711737229,census_2020_first_names_by_sex
Elle,female,15938,85,15853,0.005333,0.994667,1830,5.2769324061577461,census_2020_first_names_by_sex
Kyleigh,female,15936,26,15910,0.001632,0.998368,1831,5.2762702236497585,census_2020_first_names_by_sex
Rosalyn,female,15902,19,15883,0.001195,0.998805,1832,5.2650131210139595,census_2020_first_names_by_sex
Johan,male,15883,15448,435,0.972612,0.027388,1833,5.2587223871880724,census_2020_first_names_by_sex
Ester,female,15869,206,15663,0.012981,0.987019,1835,5.2540871096321542,census_2020_first_names_by_sex
Precious,female,15863,328,15535,0.020677,0.979323,1836,5.2521005621081898,census_2020_first_names_by_sex
Melba,female,15851,37,15814,0.002334,0.997666,1837,5.2481274670602609,census_2020_first_names_by_sex
Carlo,male,15842,15637,205,0.987060,0.012940,1838,5.2451476457743142,census_2020_first_names_by_sex
Kinley,female,15841,393,15448,0.024809,0.975191,1839,5.2448165545203196,census_2020_first_names_by_sex
Londyn,female,15826,349,15477,0.022052,0.977948,1840,5.2398501857104085,census_2020_first_names_by_sex
Sylvester,male,15812,15735,77,0.995130,0.004870,1841,5.2352149081544912,census_2020_first_names_by_sex
Angeline,female,15809,27,15782,0.001708,0.998292,1842,5.234221634392509,census_2020_first_names_by_sex
Deirdre,female,15807,19,15788,0.001202,0.998798,1843,5.2335594518845214,census_2020_first_names_by_sex
Xiomara,female,15803,53,15750,0.003354,0.996646,1844,5.2322350868685445,census_2020_first_names_by_sex
Terrie,female,15787,265,15522,0.016786,0.983214,1845,5.2269376268046397,census_2020_first_names_by_sex
Valentin,male,15760,15592,168,0.989340,0.010660,1846,5.2179981629467989,census_2020_first_names_by_sex
Renata,female,15740,44,15696,0.002795,0.997205,1848,5.2113763378669171,census_2020_first_names_by_sex
Adelyn,female,15718,26,15692,0.001654,0.998346,1849,5.2040923302790478,census_2020_first_names_by_sex
Roseann,female,15704,13,15691,0.000828,0.999172,1850,5.1994570527231305,census_2020_first_names_by_sex
Horace,male,15663,15628,35,0.997765,0.002235,1851,5.1858823113093724,census_2020_first_names_by_sex
Hollie,female,15633,396,15237,0.025331,0.974669,1852,5.1759495736895502,census_2020_first_names_by_sex
Gideon,male,15597,15528,69,0.995576,0.004424,1854,5.1640302885457627,census_2020_first_names_by_sex
Margot,female,15538,26,15512,0.001673,0.998327,1855,5.1444959045601113,census_2020_first_names_by_sex
Samara,female,15524,43,15481,0.002770,0.997230,1856,5.1398606270041949,census_2020_first_names_by_sex
Alena,female,15518,27,15491,0.001740,0.998260,1857,5.1378740794802296,census_2020_first_names_by_sex
Thaddeus,male,15514,15476,38,0.997551,0.002449,1858,5.1365497144642536,census_2020_first_names_by_sex
Jett,male,15488,14987,501,0.967652,0.032348,1859,5.1279413418604074,census_2020_first_names_by_sex
Muriel,female,15477,223,15254,0.014408,0.985592,1861,5.1242993380664732,census_2020_first_names_by_sex
Lamont,male,15436,15370,66,0.995724,0.004276,1863,5.1107245966527151,census_2020_first_names_by_sex
Sonny,male,15433,14551,882,0.942850,0.057150,1864,5.1097313228907328,census_2020_first_names_by_sex
Charmaine,female,15412,61,15351,0.003958,0.996042,1865,5.1027784065568573,census_2020_first_names_by_sex
Carley,female,15392,238,15154,0.015463,0.984537,1866,5.0961565814769756,census_2020_first_names_by_sex
Danica,female,15391,22,15369,0.001429,0.998571,1867,5.0958254902229809,census_2020_first_names_by_sex
Stan,male,15386,15321,65,0.995775,0.004225,1868,5.0941700339530112,census_2020_first_names_by_sex
Giovanna,female,15383,100,15283,0.006501,0.993499,1869,5.0931767601910289,census_2020_first_names_by_sex
Estrella,female,15377,44,15333,0.002861,0.997139,1870,5.0911902126670645,census_2020_first_names_by_sex
Lesly,female,15372,1027,14345,0.066810,0.933190,1871,5.0895347563970939,census_2020_first_names_by_sex
Mireya,female,15364,28,15336,0.001822,0.998178,1872,5.086886026365141,census_2020_first_names_by_sex
Amara,female,15327,544,14783,0.035493,0.964507,1873,5.0746356499673597,census_2020_first_names_by_sex
Elissa,female,15308,26,15282,0.001698,0.998302,1874,5.0683449161414726,census_2020_first_names_by_sex
Kieran,male,15306,13793,1513,0.901150,0.098850,1875,5.0676827336334842,census_2020_first_names_by_sex
Anahi,female,15303,65,15238,0.004248,0.995752,1877,5.066689459871502,census_2020_first_names_by_sex
Ines,female,15281,988,14293,0.064655,0.935345,1878,5.0594054522836318,census_2020_first_names_by_sex
Tabatha,female,15280,17,15263,0.001113,0.998887,1879,5.0590743610296371,census_2020_first_names_by_sex
Lenora,female,15277,23,15254,0.001506,0.998494,1880,5.0580810872676558,census_2020_first_names_by_sex
Janna,female,15222,26,15196,0.001708,0.998292,1881,5.0398710682979804,census_2020_first_names_by_sex
Orion,male,15212,14733,479,0.968512,0.031488,1882,5.0365601557580399,census_2020_first_names_by_sex
Hana,female,15211,116,15095,0.007626,0.992374,1883,5.0362290645040453,census_2020_first_names_by_sex
Kobe,male,15211,14890,321,0.978897,0.021103,1883,5.0362290645040453,census_2020_first_names_by_sex
Bryanna,female,15186,35,15151,0.002305,0.997695,1885,5.0279517831541929,census_2020_first_names_by_sex
Anika,female,15176,24,15152,0.001581,0.998419,1886,5.0246408706142525,census_2020_first_names_by_sex
Anabel,female,15166,49,15117,0.003231,0.996769,1887,5.0213299580743112,census_2020_first_names_by_sex
Erma,female,15161,53,15108,0.003496,0.996504,1889,5.0196745018043414,census_2020_first_names_by_sex
Adelina,female,15131,34,15097,0.002247,0.997753,1891,5.0097417641845183,census_2020_first_names_by_sex
Chanel,female,15131,174,14957,0.011500,0.988500,1891,5.0097417641845183,census_2020_first_names_by_sex
Stephany,female,15120,48,15072,0.003175,0.996825,1893,5.0060997603905841,census_2020_first_names_by_sex
Freda,female,15119,29,15090,0.001918,0.998082,1894,5.0057686691365895,census_2020_first_names_by_sex
Nico,male,15028,14031,997,0.933657,0.066343,1896,4.9756393650231274,census_2020_first_names_by_sex
Aracely,female,15016,34,14982,0.002264,0.997736,1897,4.9716662699751994,census_2020_first_names_by_sex
Rosalba,female,15000,33,14967,0.002200,0.997800,1898,4.9663688099112937,census_2020_first_names_by_sex
Raymundo,male,14951,14915,36,0.997592,0.002408,1899,4.9501453384655836,census_2020_first_names_by_sex
Rodger,male,14950,14936,14,0.999064,0.000936,1900,4.9498142472115889,census_2020_first_names_by_sex
Timmy,male,14931,14748,183,0.987744,0.012256,1901,4.9435235133857018,census_2020_first_names_by_sex
Boris,male,14924,14852,72,0.995176,0.004824,1902,4.9412058746077427,census_2020_first_names_by_sex
Dion,male,14902,13771,1131,0.924104,0.075896,1903,4.9339218670198735,census_2020_first_names_by_sex
Louie,male,14883,14529,354,0.976214,0.023786,1905,4.9276311331939855,census_2020_first_names_by_sex
Janae,female,14882,41,14841,0.002755,0.997245,1906,4.9273000419399917,census_2020_first_names_by_sex
Vaughn,male,14855,14142,713,0.952003,0.047997,1907,4.9183605780821509,census_2020_first_names_by_sex
Tess,female,14814,59,14755,0.003983,0.996017,1909,4.9047858366683936,census_2020_first_names_by_sex
Matias,male,14809,14702,107,0.992775,0.007225,1910,4.903130380398423,census_2020_first_names_by_sex
Willa,female,14808,53,14755,0.003579,0.996421,1911,4.9027992891444292,census_2020_first_names_by_sex
Vivienne,female,14798,9,14789,0.000608,0.999392,1912,4.8994883766044879,census_2020_first_names_by_sex
Wilbert,male,14768,14717,51,0.996547,0.003453,1913,4.8895556389846657,census_2020_first_names_by_sex
Mariano,male,14757,14645,112,0.992410,0.007590,1914,4.8859136351907306,census_2020_first_names_by_sex
Nicolette,female,14753,15,14738,0.001017,0.998983,1915,4.8845892701747546,census_2020_first_names_by_sex
Abram,male,14740,14710,30,0.997965,0.002035,1916,4.8802850838728311,census_2020_first_names_by_sex
Joelle,female,14728,472,14256,0.032048,0.967952,1917,4.8763119888249022,census_2020_first_names_by_sex
Otto,male,14718,14680,38,0.997418,0.002582,1918,4.8730010762849609,census_2020_first_names_by_sex
Irving,male,14717,14656,61,0.995855,0.004145,1919,4.8726699850309672,census_2020_first_names_by_sex
Kimberlee,female,14704,26,14678,0.001768,0.998232,1920,4.8683657987290445,census_2020_first_names_by_sex
Kenia,female,14680,76,14604,0.005177,0.994823,1921,4.8604196086331859,census_2020_first_names_by_sex
Keenan,male,14676,14313,363,0.975266,0.024734,1922,4.859095243617209,census_2020_first_names_by_sex
Dario,male,14672,14627,45,0.996933,0.003067,1924,4.857770878601233,census_2020_first_names_by_sex
Samir,male,14668,14506,162,0.988956,0.011044,1925,4.856446513585257,census_2020_first_names_by_sex
Efren,male,14639,14582,57,0.996106,0.003894,1927,4.8468448672194286,census_2020_first_names_by_sex
Scarlet,female,14633,41,14592,0.002802,0.997198,1928,4.8448583196954642,census_2020_first_names_by_sex
Iliana,female,14616,25,14591,0.001710,0.998290,1929,4.8392297683775647,census_2020_first_names_by_sex
Latisha,female,14578,21,14557,0.001441,0.998559,1930,4.8266483007257888,census_2020_first_names_by_sex
Homer,male,14540,14486,54,0.996286,0.003714,1931,4.8140668330740137,census_2020_first_names_by_sex
Pierce,male,14535,14213,322,0.977847,0.022153,1932,4.8124113768040431,census_2020_first_names_by_sex
Malinda,female,14520,31,14489,0.002135,0.997865,1933,4.807445007994132,census_2020_first_names_by_sex
Cristal,female,14499,63,14436,0.004345,0.995655,1934,4.8004920916602565,census_2020_first_names_by_sex
Jacklyn,female,14492,32,14460,0.002208,0.997792,1935,4.7981744528822983,census_2020_first_names_by_sex
Maia,female,14491,49,14442,0.003381,0.996619,1936,4.7978433616283036,census_2020_first_names_by_sex
Cohen,male,14451,14208,243,0.983185,0.016815,1940,4.7845997114685401,census_2020_first_names_by_sex
Rohan,male,14448,14339,109,0.992456,0.007544,1941,4.7836064377065579,census_2020_first_names_by_sex
Juancarlos,male,14400,14381,19,0.998681,0.001319,1943,4.7677140575148416,census_2020_first_names_by_sex
Lorrie,female,14398,100,14298,0.006945,0.993055,1944,4.767051875006854,census_2020_first_names_by_sex
Luciana,female,14395,44,14351,0.003057,0.996943,1945,4.7660586012448709,census_2020_first_names_by_sex
Leonor,female,14390,199,14191,0.013829,0.986171,1946,4.7644031449749011,census_2020_first_names_by_sex
Nanette,female,14369,8,14361,0.000557,0.999443,1947,4.7574502286410247,census_2020_first_names_by_sex
Valarie,female,14355,26,14329,0.001811,0.998189,1948,4.7528149510851074,census_2020_first_names_by_sex
Myrtle,female,14323,38,14285,0.002653,0.997347,1949,4.7422200309572977,census_2020_first_names_by_sex
Kurtis,male,14318,14296,22,0.998463,0.001537,1950,4.7405645746873271,census_2020_first_names_by_sex
Luann,female,14310,24,14286,0.001677,0.998323,1951,4.7379158446553733,census_2020_first_names_by_sex
Eliseo,male,14308,14249,59,0.995876,0.004124,1952,4.7372536621473857,census_2020_first_names_by_sex
Princess,female,14300,46,14254,0.003217,0.996783,1954,4.7346049321154329,census_2020_first_names_by_sex
Kaleigh,female,14272,20,14252,0.001401,0.998599,1956,4.7253343770035983,census_2020_first_names_by_sex
Alexus,female,14261,257,14004,0.018021,0.981979,1957,4.7216923732096632,census_2020_first_names_by_sex
Brayan,male,14239,14169,70,0.995084,0.004916,1958,4.7144083656217939,census_2020_first_names_by_sex
Enzo,male,14207,14158,49,0.996551,0.003449,1959,4.7038134454939833,census_2020_first_names_by_sex
Elvin,male,14198,14026,172,0.987886,0.012114,1960,4.7008336242080366,census_2020_first_names_by_sex
Mira,female,14191,73,14118,0.005144,0.994856,1961,4.6985159854300775,census_2020_first_names_by_sex
Igor,male,14180,14161,19,0.998660,0.001340,1962,4.6948739816361433,census_2020_first_names_by_sex
Shayna,female,14154,12,14142,0.000848,0.999152,1964,4.6862656090322963,census_2020_first_names_by_sex
Karyn,female,14141,24,14117,0.001697,0.998303,1965,4.6819614227303736,census_2020_first_names_by_sex
Ulises,male,14115,14065,50,0.996458,0.003542,1967,4.6733530501265275,census_2020_first_names_by_sex
Aurelia,female,14110,49,14061,0.003473,0.996527,1968,4.6716975938565568,census_2020_first_names_by_sex
Edgardo,male,14106,14088,18,0.998724,0.001276,1969,4.6703732288405808,census_2020_first_names_by_sex
Sharron,female,14098,248,13850,0.017591,0.982409,1970,4.6677244988086279,census_2020_first_names_by_sex
Benita,female,14084,34,14050,0.002414,0.997586,1971,4.6630892212527106,census_2020_first_names_by_sex
Claudio,male,14063,13911,152,0.989191,0.010809,1972,4.6561363049188342,census_2020_first_names_by_sex
America,female,14054,106,13948,0.007542,0.992458,1973,4.6531564836328876,census_2020_first_names_by_sex
Maximiliano,male,14029,13998,31,0.997790,0.002210,1975,4.6448792022830361,census_2020_first_names_by_sex
Lexie,female,14012,211,13801,0.015059,0.984941,1976,4.6392506509651366,census_2020_first_names_by_sex
Nigel,male,14004,13865,139,0.990074,0.009926,1977,4.6366019209331837,census_2020_first_names_by_sex
Guillermina,female,13994,43,13951,0.003073,0.996927,1978,4.6332910083932424,census_2020_first_names_by_sex
Estelle,female,13982,36,13946,0.002575,0.997425,1979,4.6293179133453135,census_2020_first_names_by_sex
Lilah,female,13981,14,13967,0.001001,0.998999,1980,4.6289868220913197,census_2020_first_names_by_sex
Marcie,female,13968,53,13915,0.003794,0.996206,1981,4.6246826357893971,census_2020_first_names_by_sex
Maeve,female,13956,27,13929,0.001935,0.998065,1982,4.6207095407414673,census_2020_first_names_by_sex
Bart,male,13955,13932,23,0.998352,0.001648,1983,4.6203784494874736,census_2020_first_names_by_sex
Adriel,male,13945,13038,907,0.934959,0.065041,1984,4.6170675369475322,census_2020_first_names_by_sex
Rosanna,female,13916,14,13902,0.001006,0.998994,1985,4.6074658905817039,census_2020_first_names_by_sex
Journey,female,13878,1249,12629,0.089999,0.910001,1987,4.5948844229299288,census_2020_first_names_by_sex
Addie,female,13875,213,13662,0.015351,0.984649,1988,4.5938911491679466,census_2020_first_names_by_sex
Addyson,female,13875,64,13811,0.004613,0.995387,1988,4.5938911491679466,census_2020_first_names_by_sex
Misael,male,13844,13733,111,0.991982,0.008018,1990,4.5836273202941298,census_2020_first_names_by_sex
Matilda,female,13836,34,13802,0.002457,0.997543,1991,4.5809785902621769,census_2020_first_names_by_sex
Braylon,male,13830,13647,183,0.986768,0.013232,1992,4.5789920427382125,census_2020_first_names_by_sex
Gunnar,male,13805,13760,45,0.996740,0.003260,1993,4.5707147613883601,census_2020_first_names_by_sex
Fay,female,13775,673,13102,0.048857,0.951143,1994,4.5607820237685379,census_2020_first_names_by_sex
Reba,female,13767,26,13741,0.001889,0.998111,1995,4.558133293736585,census_2020_first_names_by_sex
Brice,male,13758,13324,434,0.968455,0.031545,1996,4.5551534724506384,census_2020_first_names_by_sex
Astrid,female,13752,77,13675,0.005599,0.994401,1997,4.553166924926674,census_2020_first_names_by_sex
Brigitte,female,13751,10,13741,0.000727,0.999273,1998,4.5528358336726793,census_2020_first_names_by_sex
Nataly,female,13727,30,13697,0.002185,0.997815,1999,4.5448896435768216,census_2020_first_names_by_sex
Tuan,male,13719,13456,263,0.980830,0.019170,2000,4.5422409135448696,census_2020_first_names_by_sex
Annamarie,female,13714,12,13702,0.000875,0.999125,2001,4.5405854572748989,census_2020_first_names_by_sex
Porter,male,13714,13036,678,0.950561,0.049439,2001,4.5405854572748989,census_2020_first_names_by_sex
Kaitlynn,female,13693,21,13672,0.001534,0.998466,2003,4.5336325409410225,census_2020_first_names_by_sex
Casandra,female,13691,22,13669,0.001607,0.998393,2004,4.5329703584330341,census_2020_first_names_by_sex
Damion,male,13674,13612,62,0.995466,0.004534,2005,4.5273418071151355,census_2020_first_names_by_sex
Violeta,female,13671,15,13656,0.001097,0.998903,2006,4.5263485333531532,census_2020_first_names_by_sex
Emil,male,13668,13393,275,0.979880,0.020120,2007,4.5253552595911701,census_2020_first_names_by_sex
Bria,female,13654,272,13382,0.019921,0.980079,2009,4.5207199820352537,census_2020_first_names_by_sex
Kaydence,female,13652,407,13245,0.029812,0.970188,2011,4.5200577995272653,census_2020_first_names_by_sex
Dayna,female,13651,149,13502,0.010915,0.989085,2012,4.5197267082732715,census_2020_first_names_by_sex
Rae,female,13639,654,12985,0.047951,0.952049,2014,4.5157536132253417,census_2020_first_names_by_sex
Henrietta,female,13628,17,13611,0.001247,0.998753,2015,4.5121116094314067,census_2020_first_names_by_sex
Glenna,female,13608,14,13594,0.001029,0.998971,2016,4.5054897843515249,census_2020_first_names_by_sex
Halle,female,13596,50,13546,0.003678,0.996322,2017,4.5015166893035969,census_2020_first_names_by_sex
Marci,female,13577,70,13507,0.005156,0.994844,2018,4.495225955477709,census_2020_first_names_by_sex
Terra,female,13575,85,13490,0.006262,0.993738,2019,4.4945637729697205,census_2020_first_names_by_sex
Moshe,male,13574,13512,62,0.995432,0.004568,2020,4.4942326817157268,census_2020_first_names_by_sex
Elliana,female,13571,5,13566,0.000368,0.999632,2021,4.4932394079537445,census_2020_first_names_by_sex
Gabe,male,13542,13384,158,0.988333,0.011667,2022,4.4836377615879162,census_2020_first_names_by_sex
Rosalia,female,13538,49,13489,0.003619,0.996381,2023,4.4823133965719393,census_2020_first_names_by_sex
Wilbur,male,13535,13490,45,0.996675,0.003325,2024,4.4813201228099571,census_2020_first_names_by_sex
Ally,female,13525,238,13287,0.017597,0.982403,2025,4.4780092102700166,census_2020_first_names_by_sex
Javon,male,13502,12891,611,0.954747,0.045253,2026,4.4703941114281527,census_2020_first_names_by_sex
Markus,male,13494,13461,33,0.997554,0.002446,2027,4.4677453813961998,census_2020_first_names_by_sex
Carlie,female,13476,447,13029,0.033170,0.966830,2028,4.4617857388243065,census_2020_first_names_by_sex
Lyndsey,female,13474,94,13380,0.006976,0.993024,2029,4.4611235563163181,census_2020_first_names_by_sex
Kiersten,female,13430,45,13385,0.003351,0.996649,2030,4.4465555411405777,census_2020_first_names_by_sex
Felicity,female,13421,18,13403,0.001341,0.998659,2031,4.4435757198546311,census_2020_first_names_by_sex
Doyle,male,13415,13312,103,0.992322,0.007678,2033,4.4415891723306666,census_2020_first_names_by_sex
Kane,male,13411,13175,236,0.982403,0.017597,2034,4.4402648073146906,census_2020_first_names_by_sex
Fannie,female,13408,30,13378,0.002237,0.997763,2035,4.4392715335527084,census_2020_first_names_by_sex
Ronan,male,13407,13215,192,0.985679,0.014321,2036,4.4389404422987147,census_2020_first_names_by_sex
Thea,female,13402,110,13292,0.008208,0.991792,2037,4.437284986028744,census_2020_first_names_by_sex
Belen,female,13397,243,13154,0.018138,0.981862,2038,4.4356295297587733,census_2020_first_names_by_sex
Rusty,male,13378,12847,531,0.960308,0.039692,2040,4.4293387959328854,census_2020_first_names_by_sex
Dayana,female,13375,47,13328,0.003514,0.996486,2041,4.4283455221709032,census_2020_first_names_by_sex
Nehemiah,male,13359,12967,392,0.970656,0.029344,2042,4.4230480621069983,census_2020_first_names_by_sex
Libby,female,13353,61,13292,0.004568,0.995432,2043,4.4210615145830339,census_2020_first_names_by_sex
Ivette,female,13332,14,13318,0.001050,0.998950,2044,4.4141085982491575,census_2020_first_names_by_sex
Saundra,female,13329,9,13320,0.000675,0.999325,2045,4.4131153244871753,census_2020_first_names_by_sex
Roosevelt,male,13325,13197,128,0.990394,0.009606,2046,4.4117909594711984,census_2020_first_names_by_sex
Kory,male,13277,12070,1207,0.909091,0.090909,2047,4.3958985792794829,census_2020_first_names_by_sex
Lula,female,13248,38,13210,0.002868,0.997132,2049,4.3862969329136545,census_2020_first_names_by_sex
Deja,female,13244,108,13136,0.008155,0.991845,2050,4.3849725678976785,census_2020_first_names_by_sex
Wendi,female,13242,59,13183,0.004456,0.995544,2051,4.3843103853896901,census_2020_first_names_by_sex
Hailee,female,13240,15,13225,0.001133,0.998867,2052,4.3836482028817016,census_2020_first_names_by_sex
Kareem,male,13237,13087,150,0.988668,0.011332,2053,4.3826549291197194,census_2020_first_names_by_sex
Archer,male,13225,12914,311,0.976484,0.023516,2054,4.3786818340717906,census_2020_first_names_by_sex
Marcelino,male,13212,13165,47,0.996443,0.003557,2055,4.374377647769867,census_2020_first_names_by_sex
Asha,female,13207,160,13047,0.012115,0.987885,2056,4.3727221914998964,census_2020_first_names_by_sex
Miracle,female,13205,421,12784,0.031882,0.968118,2057,4.3720600089919088,census_2020_first_names_by_sex
Justina,female,13204,42,13162,0.003181,0.996819,2058,4.3717289177379151,census_2020_first_names_by_sex
Cullen,male,13202,13025,177,0.986593,0.013407,2059,4.3710667352299266,census_2020_first_names_by_sex
Madelynn,female,13187,24,13163,0.001820,0.998180,2060,4.3661003664200146,census_2020_first_names_by_sex
Alden,male,13184,12297,887,0.932721,0.067279,2061,4.3651070926580333,census_2020_first_names_by_sex
Tamera,female,13181,14,13167,0.001062,0.998938,2062,4.3641138188960511,census_2020_first_names_by_sex
Isabela,female,13178,20,13158,0.001518,0.998482,2063,4.363120545134068,census_2020_first_names_by_sex
Nash,male,13169,12985,184,0.986028,0.013972,2064,4.3601407238481213,census_2020_first_names_by_sex
Dara,female,13148,1154,11994,0.087770,0.912230,2065,4.3531878075142458,census_2020_first_names_by_sex
Kaelyn,female,13147,104,13043,0.007911,0.992089,2066,4.3528567162602512,census_2020_first_names_by_sex
Jimena,female,13143,58,13085,0.004413,0.995587,2067,4.3515323512442752,census_2020_first_names_by_sex
Aniya,female,13135,20,13115,0.001523,0.998477,2069,4.3488836212123232,census_2020_first_names_by_sex
Louisa,female,13130,33,13097,0.002513,0.997487,2070,4.3472281649423525,census_2020_first_names_by_sex
Maximilian,male,13129,13101,28,0.997867,0.002133,2071,4.3468970736883579,census_2020_first_names_by_sex
Madisyn,female,13120,24,13096,0.001829,0.998171,2073,4.3439172524024112,census_2020_first_names_by_sex
Meaghan,female,13115,13,13102,0.000991,0.999009,2074,4.3422617961324415,census_2020_first_names_by_sex
Alonso,male,13114,13070,44,0.996645,0.003355,2075,4.3419307048784468,census_2020_first_names_by_sex
Sloane,female,13114,297,12817,0.022648,0.977352,2075,4.3419307048784468,census_2020_first_names_by_sex
Lorelei,female,13113,13,13100,0.000991,0.999009,2077,4.341599613624453,census_2020_first_names_by_sex
Deanne,female,13070,20,13050,0.001530,0.998470,2078,4.3273626897027073,census_2020_first_names_by_sex
Edmond,male,13062,13022,40,0.996938,0.003062,2079,4.3247139596707544,census_2020_first_names_by_sex
Celine,female,13037,21,13016,0.001611,0.998389,2081,4.3164366783209021,census_2020_first_names_by_sex
Renae,female,13024,98,12926,0.007525,0.992475,2082,4.3121324920189785,census_2020_first_names_by_sex
Julieta,female,13021,19,13002,0.001459,0.998541,2083,4.3111392182569972,census_2020_first_names_by_sex
Opal,female,13016,102,12914,0.007837,0.992163,2084,4.3094837619870265,census_2020_first_names_by_sex
Chrystal,female,13010,28,12982,0.002152,0.997848,2085,4.3074972144630621,census_2020_first_names_by_sex
Chantel,female,13006,43,12963,0.003306,0.996694,2086,4.3061728494470852,census_2020_first_names_by_sex
Jeanie,female,12972,26,12946,0.002004,0.997996,2087,4.2949157468112871,census_2020_first_names_by_sex
Shania,female,12970,30,12940,0.002313,0.997687,2088,4.2942535643032986,census_2020_first_names_by_sex
Wilmer,male,12924,12738,186,0.985608,0.014392,2089,4.2790233666195698,census_2020_first_names_by_sex
Bailee,female,12886,217,12669,0.016840,0.983160,2092,4.2664418989677948,census_2020_first_names_by_sex
Ayanna,female,12867,19,12848,0.001477,0.998523,2093,4.2601511651419077,census_2020_first_names_by_sex
Carmelo,male,12863,12798,65,0.994947,0.005053,2094,4.2588268001259317,census_2020_first_names_by_sex
Mitch,male,12863,12768,95,0.992614,0.007386,2094,4.2588268001259317,census_2020_first_names_by_sex
Colten,male,12819,12789,30,0.997660,0.002340,2097,4.2442587849501914,census_2020_first_names_by_sex
Gisela,female,12810,22,12788,0.001717,0.998283,2098,4.2412789636642447,census_2020_first_names_by_sex
Deidre,female,12807,31,12776,0.002421,0.997579,2099,4.2402856899022625,census_2020_first_names_by_sex
Rhiannon,female,12801,20,12781,0.001562,0.998438,2100,4.2382991423782981,census_2020_first_names_by_sex
Mercy,female,12795,204,12591,0.015944,0.984056,2101,4.2363125948543336,census_2020_first_names_by_sex
Fredy,male,12789,12714,75,0.994136,0.005864,2102,4.2343260473303692,census_2020_first_names_by_sex
Mustafa,male,12765,12731,34,0.997336,0.002664,2103,4.2263798572345115,census_2020_first_names_by_sex
Zara,female,12764,70,12694,0.005484,0.994516,2104,4.2260487659805168,census_2020_first_names_by_sex
Janell,female,12755,66,12689,0.005174,0.994826,2105,4.2230689446945702,census_2020_first_names_by_sex
Scotty,male,12750,12534,216,0.983059,0.016941,2106,4.2214134884245995,census_2020_first_names_by_sex
Brynlee,female,12747,43,12704,0.003373,0.996627,2107,4.2204202146626173,census_2020_first_names_by_sex
Brandie,female,12730,32,12698,0.002514,0.997486,2108,4.2147916633447178,census_2020_first_names_by_sex
Ernie,male,12719,12439,280,0.977986,0.022014,2109,4.2111496595507827,census_2020_first_names_by_sex
Tamra,female,12719,12,12707,0.000943,0.999057,2109,4.2111496595507827,census_2020_first_names_by_sex
Knox,male,12713,12579,134,0.989460,0.010540,2112,4.2091631120268183,census_2020_first_names_by_sex
Sallie,female,12711,16,12695,0.001259,0.998741,2113,4.2085009295188307,census_2020_first_names_by_sex
Lynnette,female,12708,0,12708,0.000000,1.000000,2114,4.2075076557568476,census_2020_first_names_by_sex
Kamila,female,12706,33,12673,0.002597,0.997403,2115,4.20684547324886,census_2020_first_names_by_sex
Huong,female,12700,865,11835,0.068110,0.931890,2116,4.2048589257248956,census_2020_first_names_by_sex
Zackery,male,12696,12662,34,0.997322,0.002678,2117,4.2035345607089187,census_2020_first_names_by_sex
Rhea,female,12677,194,12483,0.015303,0.984697,2119,4.1972438268830308,census_2020_first_names_by_sex
Ivonne,female,12663,45,12618,0.003554,0.996446,2120,4.1926085493271135,census_2020_first_names_by_sex
Kathie,female,12647,8,12639,0.000633,0.999367,2121,4.1873110892632086,census_2020_first_names_by_sex
Garret,male,12629,12589,40,0.996833,0.003167,2122,4.1813514466913153,census_2020_first_names_by_sex
Bette,female,12626,9,12617,0.000713,0.999287,2123,4.1803581729293331,census_2020_first_names_by_sex
Erwin,male,12624,12559,65,0.994851,0.005149,2124,4.1796959904213447,census_2020_first_names_by_sex
Alia,female,12618,76,12542,0.006023,0.993977,2125,4.1777094428973802,census_2020_first_names_by_sex
Harlan,male,12600,12295,305,0.975794,0.024206,2126,4.1717498003254869,census_2020_first_names_by_sex
Marlee,female,12597,196,12401,0.015559,0.984441,2127,4.1707565265635047,census_2020_first_names_by_sex
Tiffani,female,12572,8,12564,0.000636,0.999364,2128,4.1624792452136523,census_2020_first_names_by_sex
Aurelio,male,12539,12488,51,0.995933,0.004067,2129,4.151553233831847,census_2020_first_names_by_sex
Kaila,female,12533,31,12502,0.002473,0.997527,2130,4.1495666863078826,census_2020_first_names_by_sex
Camron,male,12532,12071,461,0.963214,0.036786,2131,4.1492355950538888,census_2020_first_names_by_sex
Thalia,female,12526,26,12500,0.002076,0.997924,2132,4.1472490475299244,census_2020_first_names_by_sex
Melany,female,12514,29,12485,0.002317,0.997683,2133,4.1432759524819947,census_2020_first_names_by_sex
Abdullah,male,12512,12485,27,0.997842,0.002158,2134,4.1426137699740071,census_2020_first_names_by_sex
Jerri,female,12510,240,12270,0.019185,0.980815,2135,4.1419515874660187,census_2020_first_names_by_sex
Kori,female,12496,1172,11324,0.093790,0.906210,2136,4.1373163099101014,census_2020_first_names_by_sex
Zoila,female,12487,31,12456,0.002483,0.997517,2137,4.1343364886241547,census_2020_first_names_by_sex
Destinee,female,12483,27,12456,0.002163,0.997837,2138,4.1330121236081787,census_2020_first_names_by_sex
Liberty,female,12481,224,12257,0.017947,0.982053,2139,4.1323499411001903,census_2020_first_names_by_sex
Genaro,male,12476,12448,28,0.997756,0.002244,2140,4.1306944848302196,census_2020_first_names_by_sex
Antony,male,12470,12403,67,0.994627,0.005373,2141,4.1287079373062552,census_2020_first_names_by_sex
Myla,female,12455,21,12434,0.001686,0.998314,2142,4.1237415684963441,census_2020_first_names_by_sex
Hank,male,12449,12406,43,0.996546,0.003454,2143,4.1217550209723788,census_2020_first_names_by_sex
Maddie,female,12448,59,12389,0.004740,0.995260,2144,4.1214239297183859,census_2020_first_names_by_sex
Charlee,female,12443,349,12094,0.028048,0.971952,2145,4.1197684734484152,census_2020_first_names_by_sex
Joesph,male,12432,12392,40,0.996782,0.003218,2146,4.1161264696544801,census_2020_first_names_by_sex
Kierra,female,12431,23,12408,0.001850,0.998150,2147,4.1157953784004855,census_2020_first_names_by_sex
Kaley,female,12428,90,12338,0.007242,0.992758,2148,4.1148021046385042,census_2020_first_names_by_sex
Braeden,male,12409,12164,245,0.980256,0.019744,2149,4.1085113708126162,census_2020_first_names_by_sex
Winifred,female,12409,268,12141,0.021597,0.978403,2149,4.1085113708126162,census_2020_first_names_by_sex
Cheyanne,female,12406,40,12366,0.003224,0.996776,2151,4.107518097050634,census_2020_first_names_by_sex
Mikhail,male,12398,12301,97,0.992176,0.007824,2152,4.1048693670186811,census_2020_first_names_by_sex
Braydon,male,12384,12316,68,0.994509,0.005491,2153,4.1002340894627638,census_2020_first_names_by_sex
Boyd,male,12377,12319,58,0.995314,0.004686,2154,4.0979164506848056,census_2020_first_names_by_sex
Yasmine,female,12356,35,12321,0.002833,0.997167,2155,4.0909635343509292,census_2020_first_names_by_sex
Corrine,female,12349,30,12319,0.002429,0.997571,2156,4.088645895572971,census_2020_first_names_by_sex
Aleah,female,12345,23,12322,0.001863,0.998137,2157,4.0873215305569941,census_2020_first_names_by_sex
Lela,female,12330,24,12306,0.001946,0.998054,2159,4.082355161747083,census_2020_first_names_by_sex
Salma,female,12322,54,12268,0.004382,0.995618,2161,4.0797064317151301,census_2020_first_names_by_sex
Tyra,female,12317,157,12160,0.012747,0.987253,2162,4.0780509754451604,census_2020_first_names_by_sex
Rashad,male,12313,12242,71,0.994234,0.005766,2163,4.0767266104291835,census_2020_first_names_by_sex
Jena,female,12289,33,12256,0.002685,0.997315,2166,4.0687804203333258,census_2020_first_names_by_sex
Nola,female,12273,91,12182,0.007415,0.992585,2167,4.06348296026942,census_2020_first_names_by_sex
Deshawn,male,12256,11411,845,0.931054,0.068946,2169,4.0578544089515205,census_2020_first_names_by_sex
Deena,female,12237,11,12226,0.000899,0.999101,2171,4.0515636751256334,census_2020_first_names_by_sex
Amparo,female,12231,221,12010,0.018069,0.981931,2172,4.0495771276016681,census_2020_first_names_by_sex
Tammi,female,12201,12,12189,0.000984,0.999016,2173,4.0396443899818468,census_2020_first_names_by_sex
Mamie,female,12195,25,12170,0.002050,0.997950,2174,4.0376578424578815,census_2020_first_names_by_sex
Jeffry,male,12164,12127,37,0.996958,0.003042,2176,4.0273940135840647,census_2020_first_names_by_sex
Jaelyn,female,12157,935,11222,0.076910,0.923090,2177,4.0250763748061065,census_2020_first_names_by_sex
Kourtney,female,12146,619,11527,0.050963,0.949037,2178,4.0214343710121714,census_2020_first_names_by_sex
Octavia,female,12132,188,11944,0.015496,0.984504,2180,4.0167990934562541,census_2020_first_names_by_sex
Denny,male,12121,11236,885,0.926986,0.073014,2181,4.013157089662319,census_2020_first_names_by_sex
Dona,female,12121,128,11993,0.010560,0.989440,2181,4.013157089662319,census_2020_first_names_by_sex
Kolton,male,12116,12085,31,0.997441,0.002559,2183,4.0115016333923492,census_2020_first_names_by_sex
Rod,male,12112,12077,35,0.997110,0.002890,2184,4.0101772683763723,census_2020_first_names_by_sex
Haleigh,female,12104,19,12085,0.001570,0.998430,2185,4.0075285383444195,census_2020_first_names_by_sex
Rosanne,female,12099,7,12092,0.000579,0.999421,2186,4.0058730820744488,census_2020_first_names_by_sex
Isis,female,12086,98,11988,0.008109,0.991891,2187,4.0015688957725262,census_2020_first_names_by_sex
Cari,female,12068,149,11919,0.012347,0.987653,2188,3.9956092532006324,census_2020_first_names_by_sex
Bettie,female,12043,23,12020,0.001910,0.998090,2189,3.98733197185078,census_2020_first_names_by_sex
Annabella,female,12034,12,12022,0.000997,0.999003,2190,3.9843521505648334,census_2020_first_names_by_sex
Nasir,male,12030,11934,96,0.992020,0.007980,2191,3.9830277855488574,census_2020_first_names_by_sex
Barbra,female,12020,23,11997,0.001913,0.998087,2192,3.9797168730089165,census_2020_first_names_by_sex
Scot,male,12000,11973,27,0.997750,0.002250,2193,3.9730950479290348,census_2020_first_names_by_sex
Bert,male,11997,11769,228,0.980995,0.019005,2194,3.9721017741670526,census_2020_first_names_by_sex
Christiana,female,11997,25,11972,0.002084,0.997916,2194,3.9721017741670526,census_2020_first_names_by_sex
Galen,male,11997,11446,551,0.954072,0.045928,2194,3.9721017741670526,census_2020_first_names_by_sex
Dania,female,11968,85,11883,0.007102,0.992898,2200,3.9625001278012242,census_2020_first_names_by_sex
Andreas,male,11965,11774,191,0.984037,0.015963,2201,3.9615068540392415,census_2020_first_names_by_sex
Jarvis,male,11958,11842,116,0.990299,0.009701,2202,3.9591892152612833,census_2020_first_names_by_sex
Cathryn,female,11957,7,11950,0.000585,0.999415,2203,3.9588581240072891,census_2020_first_names_by_sex
Daria,female,11948,120,11828,0.010044,0.989956,2204,3.9558783027213424,census_2020_first_names_by_sex
Jolie,female,11940,39,11901,0.003266,0.996734,2205,3.9532295726893896,census_2020_first_names_by_sex
Sabina,female,11932,27,11905,0.002263,0.997737,2206,3.9505808426574371,census_2020_first_names_by_sex
Ina,female,11921,80,11841,0.006711,0.993289,2207,3.9469388388635021,census_2020_first_names_by_sex
Danilo,male,11920,11890,30,0.997483,0.002517,2208,3.9466077476095078,census_2020_first_names_by_sex
Quintin,male,11909,11868,41,0.996557,0.003443,2209,3.9429657438155732,census_2020_first_names_by_sex
Mauro,male,11897,11867,30,0.997478,0.002522,2210,3.9389926487676439,census_2020_first_names_by_sex
Lorene,female,11880,37,11843,0.003114,0.996886,2211,3.9333640974497444,census_2020_first_names_by_sex
Rhoda,female,11868,26,11842,0.002191,0.997809,2212,3.9293910024018155,census_2020_first_names_by_sex
Evie,female,11863,95,11768,0.008008,0.991992,2213,3.9277355461318453,census_2020_first_names_by_sex
Dewey,male,11845,11735,110,0.990713,0.009287,2214,3.9217759035599511,census_2020_first_names_by_sex
Brenton,male,11836,11797,39,0.996705,0.003295,2215,3.9187960822740044,census_2020_first_names_by_sex
Chelsie,female,11816,39,11777,0.003301,0.996699,2216,3.9121742571941227,census_2020_first_names_by_sex
Annalise,female,11808,16,11792,0.001355,0.998645,2217,3.9095255271621703,census_2020_first_names_by_sex
Aubrie,female,11801,62,11739,0.005254,0.994746,2218,3.9072078883842112,census_2020_first_names_by_sex
Natalya,female,11801,13,11788,0.001102,0.998898,2218,3.9072078883842112,census_2020_first_names_by_sex
Sheree,female,11791,17,11774,0.001442,0.998558,2220,3.9038969758442703,census_2020_first_names_by_sex
Kailyn,female,11777,120,11657,0.010189,0.989811,2221,3.8992616982883535,census_2020_first_names_by_sex
Berta,female,11771,23,11748,0.001954,0.998046,2223,3.8972751507643886,census_2020_first_names_by_sex
Messiah,male,11767,11009,758,0.935583,0.064417,2224,3.8959507857484126,census_2020_first_names_by_sex
Roslyn,female,11760,36,11724,0.003061,0.996939,2225,3.8936331469704544,census_2020_first_names_by_sex
Tyrell,male,11752,11609,143,0.987832,0.012168,2226,3.8909844169385011,census_2020_first_names_by_sex
Elba,female,11747,148,11599,0.012599,0.987401,2227,3.8893289606685308,census_2020_first_names_by_sex
Rosetta,female,11741,22,11719,0.001874,0.998126,2228,3.8873424131445669,census_2020_first_names_by_sex
Gay,female,11736,604,11132,0.051466,0.948534,2229,3.8856869568745962,census_2020_first_names_by_sex
Cori,female,11717,974,10743,0.083127,0.916873,2231,3.8793962230487082,census_2020_first_names_by_sex
Reggie,male,11717,11273,444,0.962106,0.037894,2231,3.8793962230487082,census_2020_first_names_by_sex
Zenaida,female,11715,21,11694,0.001793,0.998207,2233,3.8787340405407202,census_2020_first_names_by_sex
Anaya,female,11706,59,11647,0.005040,0.994960,2235,3.8757542192547736,census_2020_first_names_by_sex
Dahlia,female,11696,23,11673,0.001966,0.998034,2236,3.8724433067148327,census_2020_first_names_by_sex
Samira,female,11693,39,11654,0.003335,0.996665,2237,3.8714500329528501,census_2020_first_names_by_sex
Rey,male,11635,11134,501,0.956940,0.043060,2240,3.8522467402211933,census_2020_first_names_by_sex
Dorothea,female,11625,14,11611,0.001204,0.998796,2241,3.8489358276812524,census_2020_first_names_by_sex
Lizette,female,11619,24,11595,0.002066,0.997934,2242,3.846949280157288,census_2020_first_names_by_sex
Mavis,female,11616,95,11521,0.008178,0.991822,2243,3.8459560063953058,census_2020_first_names_by_sex
Ace,male,11608,11347,261,0.977516,0.022484,2244,3.8433072763633529,census_2020_first_names_by_sex
Deb,female,11607,128,11479,0.011028,0.988972,2245,3.8429761851093591,census_2020_first_names_by_sex
Jacques,male,11599,11344,255,0.978015,0.021985,2247,3.8403274550774062,census_2020_first_names_by_sex
Zahra,female,11597,21,11576,0.001811,0.998189,2248,3.8396652725694183,census_2020_first_names_by_sex
Mei,female,11596,252,11344,0.021732,0.978268,2249,3.839334181315424,census_2020_first_names_by_sex
Elida,female,11577,30,11547,0.002591,0.997409,2250,3.8330434474895365,census_2020_first_names_by_sex
Coleman,male,11573,11416,157,0.986434,0.013566,2251,3.8317190824735596,census_2020_first_names_by_sex
Kaia,female,11567,85,11482,0.007348,0.992652,2252,3.8297325349495956,census_2020_first_names_by_sex
Tierra,female,11562,53,11509,0.004584,0.995416,2253,3.8280770786796254,census_2020_first_names_by_sex
Edison,male,11547,11355,192,0.983372,0.016628,2257,3.8231107098697139,census_2020_first_names_by_sex
Jamar,male,11527,11439,88,0.992366,0.007634,2258,3.8164888847898322,census_2020_first_names_by_sex
Trang,female,11522,524,10998,0.045478,0.954522,2259,3.814833428519862,census_2020_first_names_by_sex
Roxanna,female,11517,14,11503,0.001216,0.998784,2260,3.8131779722498913,census_2020_first_names_by_sex
Keely,female,11483,112,11371,0.009754,0.990246,2262,3.8019208696140923,census_2020_first_names_by_sex
Arnulfo,male,11449,11424,25,0.997816,0.002184,2264,3.7906637669782937,census_2020_first_names_by_sex
Leandro,male,11447,11412,35,0.996942,0.003058,2265,3.7900015844703052,census_2020_first_names_by_sex
Katia,female,11440,26,11414,0.002273,0.997727,2266,3.7876839456923461,census_2020_first_names_by_sex
Berenice,female,11435,17,11418,0.001487,0.998513,2267,3.7860284894223759,census_2020_first_names_by_sex
Cliff,male,11435,11397,38,0.996677,0.003323,2267,3.7860284894223759,census_2020_first_names_by_sex
Mckayla,female,11433,18,11415,0.001574,0.998426,2269,3.7853663069143879,census_2020_first_names_by_sex
Adrianne,female,11430,156,11274,0.013648,0.986352,2270,3.7843730331524053,census_2020_first_names_by_sex
Cinthia,female,11412,20,11392,0.001753,0.998247,2271,3.778413390580512,census_2020_first_names_by_sex
Trace,male,11398,10956,442,0.961221,0.038779,2273,3.7737781130245951,census_2020_first_names_by_sex
Janessa,female,11381,24,11357,0.002109,0.997891,2275,3.7681495617066951,census_2020_first_names_by_sex
Dayton,male,11380,10852,528,0.953603,0.046397,2276,3.7678184704527009,census_2020_first_names_by_sex
Yelena,female,11377,13,11364,0.001143,0.998857,2277,3.7668251966907191,census_2020_first_names_by_sex
Blanche,female,11370,25,11345,0.002199,0.997801,2278,3.76450755791276,census_2020_first_names_by_sex
Khalid,male,11363,11306,57,0.994984,0.005016,2279,3.7621899191348018,census_2020_first_names_by_sex
Long,male,11343,10764,579,0.948955,0.051045,2280,3.7555680940549201,census_2020_first_names_by_sex
Wilfred,male,11337,11308,29,0.997442,0.002558,2282,3.7535815465309557,census_2020_first_names_by_sex
Cristobal,male,11329,11275,54,0.995233,0.004767,2283,3.7509328164990032,census_2020_first_names_by_sex
Laney,female,11318,287,11031,0.025358,0.974642,2284,3.7472908127050681,census_2020_first_names_by_sex
Pilar,female,11317,762,10555,0.067332,0.932668,2285,3.7469597214510739,census_2020_first_names_by_sex
Leia,female,11311,27,11284,0.002387,0.997613,2286,3.744973173927109,census_2020_first_names_by_sex
Chaya,female,11308,56,11252,0.004952,0.995048,2287,3.7439799001651273,census_2020_first_names_by_sex
Jarred,male,11306,11290,16,0.998585,0.001415,2288,3.7433177176571388,census_2020_first_names_by_sex
Winnie,female,11304,118,11186,0.010439,0.989561,2289,3.7426555351491508,census_2020_first_names_by_sex
Julien,male,11296,10924,372,0.967068,0.032932,2290,3.740006805117198,census_2020_first_names_by_sex
Lizeth,female,11294,23,11271,0.002036,0.997964,2291,3.73934462260921,census_2020_first_names_by_sex
Annabel,female,11292,16,11276,0.001417,0.998583,2292,3.7386824401012215,census_2020_first_names_by_sex
Barb,female,11289,42,11247,0.003720,0.996280,2293,3.7376891663392398,census_2020_first_names_by_sex
Amit,male,11285,10992,293,0.974036,0.025964,2294,3.7363648013232633,census_2020_first_names_by_sex
Ronny,male,11285,10813,472,0.958175,0.041825,2294,3.7363648013232633,census_2020_first_names_by_sex
Carlene,female,11283,23,11260,0.002038,0.997962,2296,3.7357026188152749,census_2020_first_names_by_sex
Caryn,female,11223,9,11214,0.000802,0.999198,2298,3.7158371435756297,census_2020_first_names_by_sex
Karlee,female,11216,28,11188,0.002496,0.997504,2299,3.7135195047976715,census_2020_first_names_by_sex
Angelita,female,11209,19,11190,0.001695,0.998305,2300,3.7112018660197128,census_2020_first_names_by_sex
Donte,male,11207,11108,99,0.991166,0.008834,2301,3.7105396835117239,census_2020_first_names_by_sex
Lawson,male,11171,10712,459,0.958911,0.041089,2303,3.6986203983679373,census_2020_first_names_by_sex
Thi,female,11169,1065,10104,0.095353,0.904647,2304,3.6979582158599489,census_2020_first_names_by_sex
Mitzi,female,11127,17,11110,0.001528,0.998472,2307,3.6840523831921979,census_2020_first_names_by_sex
Lenore,female,11122,37,11085,0.003327,0.996673,2308,3.6823969269222272,census_2020_first_names_by_sex
Yazmin,female,11117,29,11088,0.002609,0.997391,2309,3.680741470652257,census_2020_first_names_by_sex
Paulo,male,11111,11027,84,0.992440,0.007560,2310,3.6787549231282921,census_2020_first_names_by_sex
Janel,female,11109,152,10957,0.013683,0.986317,2311,3.6780927406203037,census_2020_first_names_by_sex
Arjun,male,11098,11080,18,0.998378,0.001622,2312,3.6744507368263686,census_2020_first_names_by_sex
Krystle,female,11089,14,11075,0.001263,0.998737,2313,3.6714709155404219,census_2020_first_names_by_sex
Bryon,male,11087,11055,32,0.997114,0.002886,2314,3.6708087330324344,census_2020_first_names_by_sex
Ilene,female,11080,17,11063,0.001534,0.998466,2315,3.6684910942544753,census_2020_first_names_by_sex
Kacie,female,11075,81,10994,0.007314,0.992686,2316,3.6668356379845051,census_2020_first_names_by_sex
Priya,female,11068,75,10993,0.006776,0.993224,2317,3.6645179992065469,census_2020_first_names_by_sex
Gino,male,11050,10997,53,0.995204,0.004796,2320,3.6585583566346527,census_2020_first_names_by_sex
Trista,female,11025,80,10945,0.007256,0.992744,2321,3.6502810752848007,census_2020_first_names_by_sex
Moriah,female,11017,130,10887,0.011800,0.988200,2322,3.6476323452528483,census_2020_first_names_by_sex
Monty,male,10994,10747,247,0.977533,0.022467,2323,3.6400172464109839,census_2020_first_names_by_sex
Ashly,female,10971,185,10786,0.016863,0.983137,2324,3.6324021475691199,census_2020_first_names_by_sex
Madyson,female,10969,21,10948,0.001914,0.998086,2325,3.6317399650611324,census_2020_first_names_by_sex
Jazlyn,female,10965,30,10935,0.002736,0.997264,2326,3.6304156000451555,census_2020_first_names_by_sex
Althea,female,10948,29,10919,0.002649,0.997351,2327,3.6247870487272564,census_2020_first_names_by_sex
Ember,female,10925,262,10663,0.023982,0.976018,2328,3.617171949885392,census_2020_first_names_by_sex
Kathrine,female,10914,8,10906,0.000733,0.999267,2329,3.6135299460914574,census_2020_first_names_by_sex
Percy,male,10913,10568,345,0.968386,0.031614,2330,3.6131988548374632,census_2020_first_names_by_sex
Carlee,female,10909,131,10778,0.012008,0.987992,2331,3.6118744898214872,census_2020_first_names_by_sex
Kaye,female,10908,224,10684,0.020535,0.979465,2332,3.611543398567493,census_2020_first_names_by_sex
Augustus,male,10907,10863,44,0.995966,0.004034,2333,3.6112123073134987,census_2020_first_names_by_sex
Nelda,female,10907,17,10890,0.001559,0.998441,2333,3.6112123073134987,census_2020_first_names_by_sex
Tianna,female,10895,21,10874,0.001927,0.998073,2335,3.607239212265569,census_2020_first_names_by_sex
Patience,female,10871,92,10779,0.008463,0.991537,2336,3.5992930221697113,census_2020_first_names_by_sex
Hernan,male,10838,10807,31,0.997140,0.002860,2337,3.5883670107879064,census_2020_first_names_by_sex
Kenna,female,10812,274,10538,0.025342,0.974658,2338,3.5797586381840603,census_2020_first_names_by_sex
Kailee,female,10797,66,10731,0.006113,0.993887,2340,3.5747922693741487,census_2020_first_names_by_sex
Alecia,female,10784,10,10774,0.000927,0.999073,2341,3.5704880830722261,census_2020_first_names_by_sex
Aura,female,10770,47,10723,0.004364,0.995636,2342,3.5658528055163088,census_2020_first_names_by_sex
Camilo,male,10757,10685,72,0.993307,0.006693,2343,3.5615486192143853,census_2020_first_names_by_sex
Gena,female,10754,86,10668,0.007997,0.992003,2344,3.5605553454524035,census_2020_first_names_by_sex
Jarod,male,10754,10730,24,0.997768,0.002232,2344,3.5605553454524035,census_2020_first_names_by_sex
Fanny,female,10752,70,10682,0.006510,0.993490,2346,3.559893162944415,census_2020_first_names_by_sex
Rosalina,female,10733,31,10702,0.002888,0.997112,2348,3.5536024291185275,census_2020_first_names_by_sex
Beverley,female,10730,132,10598,0.012302,0.987698,2349,3.5526091553565453,census_2020_first_names_by_sex
Oswaldo,male,10721,10707,14,0.998694,0.001306,2350,3.5496293340705987,census_2020_first_names_by_sex
Joana,female,10711,69,10642,0.006442,0.993558,2352,3.5463184215306578,census_2020_first_names_by_sex
Lady,female,10711,110,10601,0.010270,0.989730,2352,3.5463184215306578,census_2020_first_names_by_sex
Miley,female,10711,121,10590,0.011297,0.988703,2352,3.5463184215306578,census_2020_first_names_by_sex
Rufus,male,10707,10674,33,0.996918,0.003082,2355,3.5449940565146809,census_2020_first_names_by_sex
Adonis,male,10674,10475,199,0.981357,0.018643,2357,3.5340680451328765,census_2020_first_names_by_sex
Cornelia,female,10664,58,10606,0.005439,0.994561,2358,3.5307571325929357,census_2020_first_names_by_sex
Thiago,male,10663,10640,23,0.997843,0.002157,2359,3.5304260413389414,census_2020_first_names_by_sex
Killian,male,10658,10111,547,0.948677,0.051323,2360,3.5287705850689708,census_2020_first_names_by_sex
Rayna,female,10648,44,10604,0.004132,0.995868,2361,3.5254596725290299,census_2020_first_names_by_sex
Cherry,female,10641,176,10465,0.016540,0.983460,2362,3.5231420337510717,census_2020_first_names_by_sex
Tyree,male,10621,9999,622,0.941437,0.058563,2363,3.51652020867119,census_2020_first_names_by_sex
Ileana,female,10619,22,10597,0.002072,0.997928,2364,3.5158580261632015,census_2020_first_names_by_sex
Erich,male,10617,10565,52,0.995102,0.004898,2365,3.515195843655214,census_2020_first_names_by_sex
Lucio,male,10616,10552,64,0.993971,0.006029,2366,3.5148647524012198,census_2020_first_names_by_sex
Lucila,female,10611,27,10584,0.002545,0.997455,2367,3.5132092961312491,census_2020_first_names_by_sex
Clarice,female,10598,31,10567,0.002925,0.997075,2368,3.5089051098293256,census_2020_first_names_by_sex
Kristal,female,10596,36,10560,0.003398,0.996602,2369,3.508242927321338,census_2020_first_names_by_sex
Gabby,female,10587,238,10349,0.022480,0.977520,2370,3.5052631060353914,census_2020_first_names_by_sex
Trevon,male,10587,10516,71,0.993294,0.006706,2370,3.5052631060353914,census_2020_first_names_by_sex
Galina,female,10564,11,10553,0.001041,0.998959,2372,3.4976480071935265,census_2020_first_names_by_sex
Chantal,female,10546,33,10513,0.003129,0.996871,2374,3.4916883646216332,census_2020_first_names_by_sex
Franco,male,10542,10470,72,0.993170,0.006830,2375,3.4903639996056572,census_2020_first_names_by_sex
Rafaela,female,10532,52,10480,0.004937,0.995063,2376,3.4870530870657164,census_2020_first_names_by_sex
Amiyah,female,10530,14,10516,0.001330,0.998670,2377,3.4863909045577279,census_2020_first_names_by_sex
Suzan,female,10523,15,10508,0.001425,0.998575,2378,3.4840732657797697,census_2020_first_names_by_sex
Gus,male,10519,10482,37,0.996483,0.003517,2379,3.4827489007637928,census_2020_first_names_by_sex
Kaylyn,female,10517,98,10419,0.009318,0.990682,2380,3.4820867182558048,census_2020_first_names_by_sex
Farah,female,10501,628,9873,0.059804,0.940196,2381,3.4767892581918995,census_2020_first_names_by_sex
Marlena,female,10496,17,10479,0.001620,0.998380,2382,3.4751338019219289,census_2020_first_names_by_sex
Brycen,male,10495,10425,70,0.993330,0.006670,2383,3.4748027106679347,census_2020_first_names_by_sex
Tameka,female,10495,20,10475,0.001906,0.998094,2383,3.4748027106679347,census_2020_first_names_by_sex
Kennedi,female,10494,61,10433,0.005813,0.994187,2385,3.4744716194139404,census_2020_first_names_by_sex
Etta,female,10485,29,10456,0.002766,0.997234,2387,3.4714917981279938,census_2020_first_names_by_sex
Francesco,male,10482,10438,44,0.995802,0.004198,2388,3.470498524366012,census_2020_first_names_by_sex
Maximo,male,10476,10455,21,0.997995,0.002005,2389,3.4685119768420472,census_2020_first_names_by_sex
Katheryn,female,10471,13,10458,0.001242,0.998758,2390,3.4668565205720769,census_2020_first_names_by_sex
Samson,male,10470,10410,60,0.994269,0.005731,2391,3.4665254293180827,census_2020_first_names_by_sex
Soledad,female,10465,75,10390,0.007167,0.992833,2392,3.4648699730481121,census_2020_first_names_by_sex
Atticus,male,10453,10347,106,0.989859,0.010141,2394,3.4608968780001836,census_2020_first_names_by_sex
Lesa,female,10440,14,10426,0.001341,0.998659,2395,3.4565926916982601,census_2020_first_names_by_sex
Lakeisha,female,10409,10,10399,0.000961,0.999039,2396,3.4463288628244437,census_2020_first_names_by_sex
Russel,male,10399,10284,115,0.988941,0.011059,2397,3.4430179502845029,census_2020_first_names_by_sex
Norberto,male,10382,10350,32,0.996918,0.003082,2399,3.4373893989666033,census_2020_first_names_by_sex
Nita,female,10378,35,10343,0.003373,0.996627,2400,3.4360650339506269,census_2020_first_names_by_sex
Anissa,female,10369,5,10364,0.000482,0.999518,2401,3.4330852126646803,census_2020_first_names_by_sex
Lauri,female,10367,186,10181,0.017942,0.982058,2402,3.4324230301566918,census_2020_first_names_by_sex
Coleen,female,10357,11,10346,0.001062,0.998938,2403,3.4291121176167509,census_2020_first_names_by_sex
Mitchel,male,10351,10141,210,0.979712,0.020288,2404,3.4271255700927865,census_2020_first_names_by_sex
Ansley,female,10343,314,10029,0.030359,0.969641,2405,3.4244768400608341,census_2020_first_names_by_sex
Aylin,female,10342,65,10277,0.006285,0.993715,2406,3.4241457488068399,census_2020_first_names_by_sex
Rhys,male,10334,9653,681,0.934101,0.065899,2407,3.4214970187748874,census_2020_first_names_by_sex
Arely,female,10324,63,10261,0.006102,0.993898,2409,3.4181861062349466,census_2020_first_names_by_sex
Ariella,female,10319,22,10297,0.002132,0.997868,2410,3.4165306499649759,census_2020_first_names_by_sex
Maren,female,10315,87,10228,0.008434,0.991566,2411,3.4152062849489999,census_2020_first_names_by_sex
Kadence,female,10308,924,9384,0.089639,0.910361,2413,3.4128886461710408,census_2020_first_names_by_sex
Georgette,female,10303,22,10281,0.002135,0.997865,2414,3.4112331899010706,census_2020_first_names_by_sex
Paloma,female,10303,41,10262,0.003979,0.996021,2414,3.4112331899010706,census_2020_first_names_by_sex
Emelia,female,10301,21,10280,0.002039,0.997961,2416,3.4105710073930822,census_2020_first_names_by_sex
Raina,female,10301,21,10280,0.002039,0.997961,2416,3.4105710073930822,census_2020_first_names_by_sex
Elton,male,10295,10221,74,0.992812,0.007188,2418,3.4085844598691182,census_2020_first_names_by_sex
Bridgett,female,10270,13,10257,0.001266,0.998734,2420,3.4003071785192658,census_2020_first_names_by_sex
Ashanti,female,10252,561,9691,0.054721,0.945279,2422,3.3943475359473716,census_2020_first_names_by_sex
Talon,male,10246,9810,436,0.957447,0.042553,2423,3.3923609884234076,census_2020_first_names_by_sex
Alessandro,male,10245,10209,36,0.996486,0.003514,2424,3.3920298971694134,census_2020_first_names_by_sex
Sharlene,female,10243,2,10241,0.000195,0.999805,2425,3.3913677146614249,census_2020_first_names_by_sex
Major,male,10232,10114,118,0.988468,0.011532,2427,3.3877257108674899,census_2020_first_names_by_sex
Tamia,female,10222,31,10191,0.003033,0.996967,2429,3.384414798327549,census_2020_first_names_by_sex
Josefa,female,10221,75,10146,0.007338,0.992662,2430,3.3840837070735557,census_2020_first_names_by_sex
Donny,male,10205,10081,124,0.987849,0.012151,2432,3.3787862470096499,census_2020_first_names_by_sex
Eugenio,male,10199,10170,29,0.997157,0.002843,2433,3.3767996994856855,census_2020_first_names_by_sex
Cristopher,male,10195,10153,42,0.995880,0.004120,2434,3.375475334469709,census_2020_first_names_by_sex
Macey,female,10192,118,10074,0.011578,0.988422,2435,3.3744820607077273,census_2020_first_names_by_sex
Eldon,male,10189,10155,34,0.996663,0.003337,2436,3.3734887869457446,census_2020_first_names_by_sex
Leopoldo,male,10189,10174,15,0.998528,0.001472,2436,3.3734887869457446,census_2020_first_names_by_sex
Farrah,female,10175,45,10130,0.004423,0.995577,2438,3.3688535093898273,census_2020_first_names_by_sex
Erlinda,female,10160,17,10143,0.001673,0.998327,2439,3.3638871405799162,census_2020_first_names_by_sex
Giuseppe,male,10160,10134,26,0.997441,0.002559,2439,3.3638871405799162,census_2020_first_names_by_sex
Santa,female,10149,481,9668,0.047394,0.952606,2443,3.3602451367859811,census_2020_first_names_by_sex
Sullivan,male,10147,9176,971,0.904307,0.095693,2444,3.3595829542779931,census_2020_first_names_by_sex
Shaina,female,10144,15,10129,0.001479,0.998521,2445,3.3585896805160105,census_2020_first_names_by_sex
Evelin,female,10132,59,10073,0.005823,0.994177,2446,3.3546165854680821,census_2020_first_names_by_sex
Iker,male,10132,10089,43,0.995756,0.004244,2446,3.3546165854680821,census_2020_first_names_by_sex
Blakely,female,10127,832,9295,0.082157,0.917843,2448,3.3529611291981114,census_2020_first_names_by_sex
Neha,female,10101,17,10084,0.001683,0.998317,2452,3.3443527565942652,census_2020_first_names_by_sex
Noelia,female,10088,15,10073,0.001487,0.998513,2454,3.3400485702923421,census_2020_first_names_by_sex
Dolly,female,10079,46,10033,0.004564,0.995436,2455,3.3370687490063951,census_2020_first_names_by_sex
Marlen,female,10077,635,9442,0.063015,0.936985,2456,3.3364065664984071,census_2020_first_names_by_sex
Rahul,male,10064,10055,9,0.999106,0.000894,2457,3.3321023801964835,census_2020_first_names_by_sex
Karly,female,10043,52,9991,0.005178,0.994822,2458,3.3251494638626085,census_2020_first_names_by_sex
Gracelyn,female,10027,11,10016,0.001097,0.998903,2459,3.3198520037987027,census_2020_first_names_by_sex
Dirk,male,10024,10005,19,0.998105,0.001895,2460,3.3188587300367201,census_2020_first_names_by_sex
Jamari,male,10024,9392,632,0.936951,0.063049,2460,3.3188587300367201,census_2020_first_names_by_sex
Desirae,female,10017,15,10002,0.001497,0.998503,2462,3.3165410912587618,census_2020_first_names_by_sex
Bree,female,10012,101,9911,0.010088,0.989912,2464,3.3148856349887916,census_2020_first_names_by_sex
Buddy,male,10012,9893,119,0.988114,0.011886,2464,3.3148856349887916,census_2020_first_names_by_sex
Harris,male,10007,9580,427,0.957330,0.042670,2466,3.313230178718821,census_2020_first_names_by_sex
Kallie,female,10006,27,9979,0.002698,0.997302,2467,3.3128990874648268,census_2020_first_names_by_sex
Winter,female,10006,792,9214,0.079153,0.920847,2467,3.3128990874648268,census_2020_first_names_by_sex
